<?xml version = '1.0' encoding = 'UTF-8'?>
<Table class="oracle.dbtools.crest.model.design.relational.Table" directorySegmentName="seg_0" id="35C04DA3-B568-9E5C-2789-9BCCB8AB4696" name="DIM_IMC">
<createdBy>caio_semantix</createdBy>
<createdTime>2018-09-24 23:32:06 UTC</createdTime>
<generatorID>41D76F4F-300E-BA57-4DF4-EAF3FF2C3585</generatorID>
<ownerDesignName>modeloDIM</ownerDesignName>
<typeID>2</typeID>
<allowColumnReorder>false</allowColumnReorder>
<existDependencyGenerateInDDl>true</existDependencyGenerateInDDl>
<parsed>true</parsed>
<columns itemClass="oracle.dbtools.crest.model.design.relational.Column">
<Column name="sk_imc" id="CBA994F5-D1E0-1CA8-0ACA-AFEFB20EB6F7">
<createdBy>caio_semantix</createdBy>
<createdTime>2018-09-24 23:32:06 UTC</createdTime>
<generatorID>3C6757C1-3931-741F-8AED-8323D48D3ECA</generatorID>
<ownerDesignName>modeloDIM</ownerDesignName>
<useDomainConstraints>false</useDomainConstraints>
<use>1</use>
<logicalDatatype>LOGDT019</logicalDatatype>
<dataTypePrecision>8</dataTypePrecision>
<ownDataTypeParameters>,8,</ownDataTypeParameters>
<autoIncrementCycle>false</autoIncrementCycle>
</Column>
<Column name="tp_imc" id="6AB567ED-AA5F-6059-AC2E-AA72A6E35937">
<createdBy>caio_semantix</createdBy>
<createdTime>2018-09-24 23:32:06 UTC</createdTime>
<generatorID>94F46480-AFBB-1AFC-755B-A7718EFB4BC7</generatorID>
<ownerDesignName>modeloDIM</ownerDesignName>
<useDomainConstraints>false</useDomainConstraints>
<use>1</use>
<logicalDatatype>LOGDT024</logicalDatatype>
<dataTypeSize>30</dataTypeSize>
<ownDataTypeParameters>30,,</ownDataTypeParameters>
<autoIncrementCycle>false</autoIncrementCycle>
</Column>
</columns>
<indexes itemClass="oracle.dbtools.crest.model.design.relational.Index">
<ind_PK_UK id="41CA0C1B-B797-5736-5848-B8986CC9E61D" name="DIM_IMC_PK">
<createdBy>caio_semantix</createdBy>
<createdTime>2018-09-24 23:32:06 UTC</createdTime>
<generatorID>35A19012-724E-D17B-AE66-EEEB9B8091A0</generatorID>
<ownerDesignName>modeloDIM</ownerDesignName>
<pk>true</pk>
<indexState>Primary Constraint</indexState>
<isSurrogateKey>false</isSurrogateKey>
<indexColumnUsage>
<colUsage columnID="CBA994F5-D1E0-1CA8-0ACA-AFEFB20EB6F7"/>
</indexColumnUsage>
</ind_PK_UK>
</indexes>
</Table>