<?xml version = '1.0' encoding = 'UTF-8'?>
<Table class="oracle.dbtools.crest.model.design.relational.Table" directorySegmentName="seg_0" id="E97B4F7A-FB8A-EFF4-76F5-F3CAAE243D4D" name="FTO_RESPOSTAS_QUESTIONARIOS">
<createdBy>caio_semantix</createdBy>
<createdTime>2018-09-24 23:32:06 UTC</createdTime>
<generatorID>237F4621-9BA8-A0ED-1320-7285D3D35C04</generatorID>
<ownerDesignName>modeloDIM</ownerDesignName>
<typeID>1</typeID>
<allowColumnReorder>false</allowColumnReorder>
<existDependencyGenerateInDDl>true</existDependencyGenerateInDDl>
<parsed>true</parsed>
<columns itemClass="oracle.dbtools.crest.model.design.relational.Column">
<Column name="sk_respostas" id="BDAA4FAB-EF71-DF4C-A33D-825629B71572">
<createdBy>caio_semantix</createdBy>
<createdTime>2018-09-24 23:32:06 UTC</createdTime>
<generatorID>B07C04B0-B594-770C-2D6A-D9723535B121</generatorID>
<ownerDesignName>modeloDIM</ownerDesignName>
<useDomainConstraints>false</useDomainConstraints>
<use>1</use>
<logicalDatatype>LOGDT019</logicalDatatype>
<dataTypePrecision>8</dataTypePrecision>
<ownDataTypeParameters>,8,</ownDataTypeParameters>
<autoIncrementCycle>false</autoIncrementCycle>
</Column>
<Column name="qt_agua" id="D6DC6AF1-FD6D-EC6B-E4ED-75D346B951DD">
<createdBy>caio_semantix</createdBy>
<createdTime>2018-09-24 23:32:06 UTC</createdTime>
<generatorID>2BDD14ED-D1A1-E852-8308-D2F7F4100776</generatorID>
<ownerDesignName>modeloDIM</ownerDesignName>
<useDomainConstraints>false</useDomainConstraints>
<use>1</use>
<logicalDatatype>LOGDT019</logicalDatatype>
<dataTypePrecision>4</dataTypePrecision>
<ownDataTypeParameters>,4,</ownDataTypeParameters>
<autoIncrementCycle>false</autoIncrementCycle>
</Column>
<Column name="qt_estresse" id="589F133A-9011-588B-D39E-0F9524192CB2">
<createdBy>caio_semantix</createdBy>
<createdTime>2018-09-24 23:32:06 UTC</createdTime>
<generatorID>38211E2A-D602-53DD-1BED-EED548D5BF96</generatorID>
<ownerDesignName>modeloDIM</ownerDesignName>
<useDomainConstraints>false</useDomainConstraints>
<use>1</use>
<logicalDatatype>LOGDT019</logicalDatatype>
<dataTypePrecision>4</dataTypePrecision>
<ownDataTypeParameters>,4,</ownDataTypeParameters>
<autoIncrementCycle>false</autoIncrementCycle>
</Column>
<Column name="vl_med_estresse" id="4CD48285-5D44-9C5A-60C4-D9275226A0E9">
<createdBy>caio_semantix</createdBy>
<createdTime>2018-09-24 23:32:06 UTC</createdTime>
<generatorID>4B435AAA-A645-B917-9F00-F3D416C7E453</generatorID>
<ownerDesignName>modeloDIM</ownerDesignName>
<useDomainConstraints>false</useDomainConstraints>
<use>1</use>
<logicalDatatype>LOGDT019</logicalDatatype>
<dataTypePrecision>5</dataTypePrecision>
<dataTypeScale>2</dataTypeScale>
<ownDataTypeParameters>,5,2</ownDataTypeParameters>
<autoIncrementCycle>false</autoIncrementCycle>
</Column>
<Column name="vl_imc" id="38316525-0F07-9E4F-5B3B-6A857EAA3EB6">
<createdBy>caio_semantix</createdBy>
<createdTime>2018-09-24 23:32:06 UTC</createdTime>
<generatorID>9095A093-26B0-2FD0-23AA-4452DA6C3472</generatorID>
<ownerDesignName>modeloDIM</ownerDesignName>
<useDomainConstraints>false</useDomainConstraints>
<use>1</use>
<logicalDatatype>LOGDT019</logicalDatatype>
<dataTypePrecision>5</dataTypePrecision>
<dataTypeScale>2</dataTypeScale>
<ownDataTypeParameters>,5,2</ownDataTypeParameters>
<autoIncrementCycle>false</autoIncrementCycle>
</Column>
<Column name="sk_pessoa" id="D6CE5EFE-F1BD-32A1-80E9-E32328238227">
<createdBy>caio_semantix</createdBy>
<createdTime>2018-09-24 23:32:06 UTC</createdTime>
<generatorID>5D54C58F-8465-A290-28CA-FAD3C584F2A6</generatorID>
<ownerDesignName>modeloDIM</ownerDesignName>
<useDomainConstraints>false</useDomainConstraints>
<use>1</use>
<logicalDatatype>LOGDT019</logicalDatatype>
<dataTypePrecision>8</dataTypePrecision>
<ownDataTypeParameters>,,</ownDataTypeParameters>
<previousColumn>false</previousColumn>
<autoIncrementCycle>false</autoIncrementCycle>
<associations>
<colAssociation fkAssociation="6292C2D9-AE3C-2A82-1001-7157E23B3CF0" referredColumn="76978BDA-436C-38A1-A22B-96F1EB8E8F47"/>
</associations>
</Column>
<Column name="sk_tempo" id="D2F6F1F5-FB7D-EFC1-4B30-B463B3FA340F">
<createdBy>caio_semantix</createdBy>
<createdTime>2018-09-24 23:32:06 UTC</createdTime>
<generatorID>8372F563-2E48-FF72-5240-46D1D5062984</generatorID>
<ownerDesignName>modeloDIM</ownerDesignName>
<useDomainConstraints>false</useDomainConstraints>
<use>1</use>
<logicalDatatype>LOGDT019</logicalDatatype>
<dataTypePrecision>8</dataTypePrecision>
<ownDataTypeParameters>,,</ownDataTypeParameters>
<previousColumn>false</previousColumn>
<autoIncrementCycle>false</autoIncrementCycle>
<associations>
<colAssociation fkAssociation="08CDAFB1-D134-AC9F-F084-575E8CE6F909" referredColumn="A5328630-4318-8BAD-D002-68B282CADFAF"/>
</associations>
</Column>
<Column name="sk_imc" id="2895F2B0-243C-EBB3-A2AB-DC223EE9A943">
<createdBy>caio_semantix</createdBy>
<createdTime>2018-09-24 23:32:06 UTC</createdTime>
<generatorID>E40DD643-ACD3-DE50-CE41-B2CED5262E9F</generatorID>
<ownerDesignName>modeloDIM</ownerDesignName>
<useDomainConstraints>false</useDomainConstraints>
<use>1</use>
<logicalDatatype>LOGDT019</logicalDatatype>
<dataTypePrecision>8</dataTypePrecision>
<ownDataTypeParameters>,,</ownDataTypeParameters>
<previousColumn>false</previousColumn>
<autoIncrementCycle>false</autoIncrementCycle>
<associations>
<colAssociation fkAssociation="A6A4CA05-7C79-92B2-3A77-FFA377E499F5" referredColumn="CBA994F5-D1E0-1CA8-0ACA-AFEFB20EB6F7"/>
</associations>
</Column>
<Column name="sk_faiza_etaria" id="DB4D1D1F-E732-8899-F98B-FC1217749ADB">
<createdBy>caio_semantix</createdBy>
<createdTime>2018-09-24 23:32:06 UTC</createdTime>
<generatorID>2BD40E08-2E6D-7A31-A5E1-9523EF5BA2A1</generatorID>
<ownerDesignName>modeloDIM</ownerDesignName>
<useDomainConstraints>false</useDomainConstraints>
<use>1</use>
<logicalDatatype>LOGDT019</logicalDatatype>
<dataTypePrecision>8</dataTypePrecision>
<ownDataTypeParameters>,,</ownDataTypeParameters>
<previousColumn>false</previousColumn>
<autoIncrementCycle>false</autoIncrementCycle>
<associations>
<colAssociation fkAssociation="38895D00-5D9E-CF7A-E976-07888D6D2BC1" referredColumn="4C14B016-ECB1-1A5E-3B2A-8786B1EB96B2"/>
</associations>
</Column>
</columns>
<indexes itemClass="oracle.dbtools.crest.model.design.relational.Index">
<ind_PK_UK id="66B54E33-4D5A-A259-A775-B4BFED3FEE7C" name="FTO_RESPOSTAS_QUESTIONARIOS_PK">
<createdBy>caio_semantix</createdBy>
<createdTime>2018-09-24 23:32:06 UTC</createdTime>
<generatorID>17E2C1A4-89F8-7E66-A77C-C41A7C1FEAAC</generatorID>
<ownerDesignName>modeloDIM</ownerDesignName>
<pk>true</pk>
<indexState>Primary Constraint</indexState>
<isSurrogateKey>false</isSurrogateKey>
<indexColumnUsage>
<colUsage columnID="BDAA4FAB-EF71-DF4C-A33D-825629B71572"/>
</indexColumnUsage>
</ind_PK_UK>
<ind_PK_UK id="0414C430-5ADA-CC00-E547-6E8EA2EA5A54" name="DIM_PESSOA_FK">
<createdBy>caio_semantix</createdBy>
<createdTime>2018-09-24 23:32:06 UTC</createdTime>
<generatorID>1834F5D8-7B59-4A28-BBE7-61C2884E4CDB</generatorID>
<ownerDesignName>modeloDIM</ownerDesignName>
<indexState>Foreign Key</indexState>
<isSurrogateKey>false</isSurrogateKey>
<indexColumnUsage>
<colUsage columnID="D6CE5EFE-F1BD-32A1-80E9-E32328238227"/>
</indexColumnUsage>
</ind_PK_UK>
<ind_PK_UK id="2666BF66-F274-5E19-E839-7CF1A814F2E1" name="DIM_TEMPO_FK">
<createdBy>caio_semantix</createdBy>
<createdTime>2018-09-24 23:32:06 UTC</createdTime>
<generatorID>5221FC68-D9F9-D981-EA4C-85B6BBE75762</generatorID>
<ownerDesignName>modeloDIM</ownerDesignName>
<indexState>Foreign Key</indexState>
<isSurrogateKey>false</isSurrogateKey>
<indexColumnUsage>
<colUsage columnID="D2F6F1F5-FB7D-EFC1-4B30-B463B3FA340F"/>
</indexColumnUsage>
</ind_PK_UK>
<ind_PK_UK id="04E3DBBB-B5C6-D5F7-BAC0-985BE1CBCAF1" name="DIM_IMC_FK">
<createdBy>caio_semantix</createdBy>
<createdTime>2018-09-24 23:32:06 UTC</createdTime>
<generatorID>6CEA8E47-A45F-4508-B110-C6406E5ACBB2</generatorID>
<ownerDesignName>modeloDIM</ownerDesignName>
<indexState>Foreign Key</indexState>
<isSurrogateKey>false</isSurrogateKey>
<indexColumnUsage>
<colUsage columnID="2895F2B0-243C-EBB3-A2AB-DC223EE9A943"/>
</indexColumnUsage>
</ind_PK_UK>
<ind_PK_UK id="90231318-0716-373D-7E8D-324D5E8BF88E" name="DIM_FAIXA_ETARIA_FK">
<createdBy>caio_semantix</createdBy>
<createdTime>2018-09-24 23:32:06 UTC</createdTime>
<generatorID>A2E76F37-486A-F9AE-A29A-E792E6E03CF0</generatorID>
<ownerDesignName>modeloDIM</ownerDesignName>
<indexState>Foreign Key</indexState>
<isSurrogateKey>false</isSurrogateKey>
<indexColumnUsage>
<colUsage columnID="DB4D1D1F-E732-8899-F98B-FC1217749ADB"/>
</indexColumnUsage>
</ind_PK_UK>
</indexes>
</Table>