<?xml version = '1.0' encoding = 'UTF-8'?>
<Table class="oracle.dbtools.crest.model.design.relational.Table" directorySegmentName="seg_0" id="F63D3024-8E87-ABAA-9E97-DCD4815BED1B" name="DIM_TEMPO">
<createdBy>caio_semantix</createdBy>
<createdTime>2018-09-24 23:32:06 UTC</createdTime>
<generatorID>6FFCF1BA-312F-C1F1-AA0C-33AC2F5A0C95</generatorID>
<ownerDesignName>modeloDIM</ownerDesignName>
<typeID>2</typeID>
<allowColumnReorder>false</allowColumnReorder>
<existDependencyGenerateInDDl>true</existDependencyGenerateInDDl>
<parsed>true</parsed>
<columns itemClass="oracle.dbtools.crest.model.design.relational.Column">
<Column name="sk_tempo" id="A5328630-4318-8BAD-D002-68B282CADFAF">
<createdBy>caio_semantix</createdBy>
<createdTime>2018-09-24 23:32:06 UTC</createdTime>
<generatorID>4387FAA2-EE08-9BC4-A9EE-BAB811A50138</generatorID>
<ownerDesignName>modeloDIM</ownerDesignName>
<useDomainConstraints>false</useDomainConstraints>
<use>1</use>
<logicalDatatype>LOGDT019</logicalDatatype>
<dataTypePrecision>8</dataTypePrecision>
<ownDataTypeParameters>,8,</ownDataTypeParameters>
<autoIncrementCycle>false</autoIncrementCycle>
</Column>
<Column name="dt_data" id="D83EE622-5555-1FE9-3E60-D65818D0F5B4">
<createdBy>caio_semantix</createdBy>
<createdTime>2018-09-24 23:32:06 UTC</createdTime>
<generatorID>46556159-CFEE-87F9-6EB7-6BD50DC0E034</generatorID>
<ownerDesignName>modeloDIM</ownerDesignName>
<useDomainConstraints>false</useDomainConstraints>
<use>1</use>
<logicalDatatype>LOGDT007</logicalDatatype>
<ownDataTypeParameters>,,</ownDataTypeParameters>
<autoIncrementCycle>false</autoIncrementCycle>
</Column>
<Column name="nr_dia" id="DCAAEC24-4557-1313-307B-EAC141A37861">
<createdBy>caio_semantix</createdBy>
<createdTime>2018-09-24 23:32:06 UTC</createdTime>
<generatorID>81117624-56CF-D265-4E4B-D6CAD5B58F5E</generatorID>
<ownerDesignName>modeloDIM</ownerDesignName>
<useDomainConstraints>false</useDomainConstraints>
<use>1</use>
<logicalDatatype>LOGDT019</logicalDatatype>
<dataTypePrecision>2</dataTypePrecision>
<ownDataTypeParameters>,2,</ownDataTypeParameters>
<autoIncrementCycle>false</autoIncrementCycle>
</Column>
<Column name="nr_mes" id="FD2FC042-F7AA-5354-82B0-0E2A9A435DC2">
<createdBy>caio_semantix</createdBy>
<createdTime>2018-09-24 23:32:06 UTC</createdTime>
<generatorID>31428EDF-18D1-36DD-EE49-81DEE312BFFD</generatorID>
<ownerDesignName>modeloDIM</ownerDesignName>
<useDomainConstraints>false</useDomainConstraints>
<use>1</use>
<logicalDatatype>LOGDT019</logicalDatatype>
<dataTypePrecision>2</dataTypePrecision>
<ownDataTypeParameters>,2,</ownDataTypeParameters>
<autoIncrementCycle>false</autoIncrementCycle>
</Column>
<Column name="nr_ano" id="61F97D36-1376-FA12-E164-353E69770F5F">
<createdBy>caio_semantix</createdBy>
<createdTime>2018-09-24 23:32:06 UTC</createdTime>
<generatorID>9C5A86A4-4CEE-D28B-04A3-6724DC312F87</generatorID>
<ownerDesignName>modeloDIM</ownerDesignName>
<useDomainConstraints>false</useDomainConstraints>
<use>1</use>
<logicalDatatype>LOGDT019</logicalDatatype>
<dataTypePrecision>4</dataTypePrecision>
<ownDataTypeParameters>,4,</ownDataTypeParameters>
<autoIncrementCycle>false</autoIncrementCycle>
</Column>
<Column name="nm_mes" id="D7729C51-5DB0-04DE-0A13-0BFC5EA36551">
<createdBy>caio_semantix</createdBy>
<createdTime>2018-09-24 23:32:06 UTC</createdTime>
<generatorID>7F17CCD7-DA9C-B1DA-0284-1FFAA576A032</generatorID>
<ownerDesignName>modeloDIM</ownerDesignName>
<useDomainConstraints>false</useDomainConstraints>
<use>1</use>
<logicalDatatype>LOGDT024</logicalDatatype>
<dataTypeSize>20</dataTypeSize>
<ownDataTypeParameters>20,,</ownDataTypeParameters>
<autoIncrementCycle>false</autoIncrementCycle>
</Column>
<Column name="nm_dia_semana" id="C2F5090A-A219-BA14-0916-7DF0E52A9729">
<createdBy>caio_semantix</createdBy>
<createdTime>2018-09-24 23:32:06 UTC</createdTime>
<generatorID>1ABF9B27-5A7A-0071-F68D-4F9C0080A8BA</generatorID>
<ownerDesignName>modeloDIM</ownerDesignName>
<useDomainConstraints>false</useDomainConstraints>
<use>1</use>
<logicalDatatype>LOGDT024</logicalDatatype>
<dataTypeSize>20</dataTypeSize>
<ownDataTypeParameters>20,,</ownDataTypeParameters>
<autoIncrementCycle>false</autoIncrementCycle>
</Column>
<Column name="nr_quinzena" id="182D500D-0374-6452-F404-9D6D5F225D5F">
<createdBy>caio_semantix</createdBy>
<createdTime>2018-09-24 23:32:06 UTC</createdTime>
<generatorID>E481831D-BDAB-C28A-9A71-A401357D82A3</generatorID>
<ownerDesignName>modeloDIM</ownerDesignName>
<useDomainConstraints>false</useDomainConstraints>
<use>1</use>
<logicalDatatype>LOGDT019</logicalDatatype>
<dataTypePrecision>2</dataTypePrecision>
<ownDataTypeParameters>,2,</ownDataTypeParameters>
<autoIncrementCycle>false</autoIncrementCycle>
</Column>
<Column name="br_bimestre" id="57067C71-816B-B87E-94EB-17B7802514D9">
<createdBy>caio_semantix</createdBy>
<createdTime>2018-09-24 23:32:06 UTC</createdTime>
<generatorID>54EEDC51-33C1-7E8E-B7EB-E4D956570658</generatorID>
<ownerDesignName>modeloDIM</ownerDesignName>
<useDomainConstraints>false</useDomainConstraints>
<use>1</use>
<logicalDatatype>LOGDT019</logicalDatatype>
<dataTypePrecision>2</dataTypePrecision>
<ownDataTypeParameters>,2,</ownDataTypeParameters>
<autoIncrementCycle>false</autoIncrementCycle>
</Column>
<Column name="nr_trimestre" id="A0093E45-01DA-43AF-01F5-F6240B417D7B">
<createdBy>caio_semantix</createdBy>
<createdTime>2018-09-24 23:32:06 UTC</createdTime>
<generatorID>6CA40447-8B01-6106-9007-6F0417437320</generatorID>
<ownerDesignName>modeloDIM</ownerDesignName>
<useDomainConstraints>false</useDomainConstraints>
<use>1</use>
<logicalDatatype>LOGDT019</logicalDatatype>
<dataTypePrecision>2</dataTypePrecision>
<ownDataTypeParameters>,2,</ownDataTypeParameters>
<autoIncrementCycle>false</autoIncrementCycle>
</Column>
<Column name="nr_semestre" id="B2CCCBF1-5706-FEE3-49C0-22A1B600AEAA">
<createdBy>caio_semantix</createdBy>
<createdTime>2018-09-24 23:32:06 UTC</createdTime>
<generatorID>A5EE514E-422B-1DD3-356C-33EA60ED944B</generatorID>
<ownerDesignName>modeloDIM</ownerDesignName>
<useDomainConstraints>false</useDomainConstraints>
<use>1</use>
<logicalDatatype>LOGDT019</logicalDatatype>
<dataTypePrecision>2</dataTypePrecision>
<ownDataTypeParameters>,2,</ownDataTypeParameters>
<autoIncrementCycle>false</autoIncrementCycle>
</Column>
<Column name="dt_feriado" id="1E48FE87-AC93-D039-934E-DB1E9D33E342">
<createdBy>caio_semantix</createdBy>
<createdTime>2018-09-24 23:32:06 UTC</createdTime>
<generatorID>0EA46A2D-E92E-4806-11EC-415862B06D85</generatorID>
<ownerDesignName>modeloDIM</ownerDesignName>
<useDomainConstraints>false</useDomainConstraints>
<use>1</use>
<logicalDatatype>LOGDT007</logicalDatatype>
<ownDataTypeParameters>,,</ownDataTypeParameters>
<autoIncrementCycle>false</autoIncrementCycle>
</Column>
</columns>
<indexes itemClass="oracle.dbtools.crest.model.design.relational.Index">
<ind_PK_UK id="D81EEE8C-740E-23FA-4418-9DB39613252C" name="DIM_TEMPO_PK">
<createdBy>caio_semantix</createdBy>
<createdTime>2018-09-24 23:32:06 UTC</createdTime>
<generatorID>0C0D5738-2E7C-A8F3-559F-719DAA6FE2E6</generatorID>
<ownerDesignName>modeloDIM</ownerDesignName>
<pk>true</pk>
<indexState>Primary Constraint</indexState>
<isSurrogateKey>false</isSurrogateKey>
<indexColumnUsage>
<colUsage columnID="A5328630-4318-8BAD-D002-68B282CADFAF"/>
</indexColumnUsage>
</ind_PK_UK>
</indexes>
</Table>