<?xml version = '1.0' encoding = 'UTF-8'?>
<Diagram class="oracle.dbtools.crest.swingui.relational.DPVRelational" name="Relational_1" id="41FF3142-F295-B4B5-5AB0-C2CEA5D61251">
<createdBy>caio_semantix</createdBy>
<modifiedBy>caio_semantix</modifiedBy>
<createdTime>2018-09-24 23:31:51 UTC</createdTime>
<autoRoute>false</autoRoute>
<boxInbox>true</boxInbox>
<showLegend>false</showLegend>
<showLabels>false</showLabels>
<showRelAttributes>false</showRelAttributes>
<gridEnabled>false</gridEnabled>
<showGrid>false</showGrid>
<diagramColor>-1</diagramColor>
<display>false</display>
<notation>1</notation>
<objectViews>
<OView class="oracle.dbtools.crest.swingui.relational.TVTable" oid="35C04DA3-B568-9E5C-2789-9BCCB8AB4696" otype="Table" vid="86F99A20-A019-2075-00EB-31BF290DCBFE">
<hideElementsInCurrentOnly>false</hideElementsInCurrentOnly>
<bounds x="536" y="18" width="170" height="75"/>
</OView>
<OView class="oracle.dbtools.crest.swingui.relational.TVTable" oid="B94ACB8E-7D63-C75B-A96D-A7616077C2C6" otype="Table" vid="4665F261-A055-0A4A-2A20-3B2EB06E95DC">
<hideElementsInCurrentOnly>false</hideElementsInCurrentOnly>
<bounds x="480" y="458" width="232" height="93"/>
</OView>
<OView class="oracle.dbtools.crest.swingui.relational.TVTable" oid="E97B4F7A-FB8A-EFF4-76F5-F3CAAE243D4D" otype="Table" vid="2523B100-38A8-EDDD-C11B-B954F512C02E">
<hideElementsInCurrentOnly>false</hideElementsInCurrentOnly>
<bounds x="471" y="154" width="325" height="224"/>
</OView>
<OView class="oracle.dbtools.crest.swingui.relational.TVTable" oid="F63D3024-8E87-ABAA-9E97-DCD4815BED1B" otype="Table" vid="307038F5-893D-60EA-6EA9-51053B1E9C64">
<hideElementsInCurrentOnly>false</hideElementsInCurrentOnly>
<bounds x="873" y="152" width="226" height="206"/>
</OView>
<OView class="oracle.dbtools.crest.swingui.relational.TVTable" oid="F9B46959-ECD8-99DE-E232-E0AB9D4ED2C5" otype="Table" vid="23CBEF4B-D080-B201-F70E-EF031BF6DC1B">
<hideElementsInCurrentOnly>false</hideElementsInCurrentOnly>
<bounds x="169" y="140" width="222" height="202"/>
</OView>
</objectViews>
<connectors>
<Connector class="oracle.dbtools.crest.swingui.relational.TVFKRelation" oid="08CDAFB1-D134-AC9F-F084-575E8CE6F909" otype="FKIndexAssociation" vid_source="307038F5-893D-60EA-6EA9-51053B1E9C64" vid_target="2523B100-38A8-EDDD-C11B-B954F512C02E">
<hideElementsInCurrentOnly>false</hideElementsInCurrentOnly>
<backgroundColor>-16777216</backgroundColor>
<lineWidth>1</lineWidth>
<points>
<point x="873" y="256"/>
<point x="796" y="256"/>
</points>
</Connector>
<Connector class="oracle.dbtools.crest.swingui.relational.TVFKRelation" oid="38895D00-5D9E-CF7A-E976-07888D6D2BC1" otype="FKIndexAssociation" vid_source="4665F261-A055-0A4A-2A20-3B2EB06E95DC" vid_target="2523B100-38A8-EDDD-C11B-B954F512C02E">
<hideElementsInCurrentOnly>false</hideElementsInCurrentOnly>
<backgroundColor>-16777216</backgroundColor>
<lineWidth>1</lineWidth>
<points>
<point x="611" y="458"/>
<point x="611" y="378"/>
</points>
</Connector>
<Connector class="oracle.dbtools.crest.swingui.relational.TVFKRelation" oid="6292C2D9-AE3C-2A82-1001-7157E23B3CF0" otype="FKIndexAssociation" vid_source="23CBEF4B-D080-B201-F70E-EF031BF6DC1B" vid_target="2523B100-38A8-EDDD-C11B-B954F512C02E">
<hideElementsInCurrentOnly>false</hideElementsInCurrentOnly>
<backgroundColor>-16777216</backgroundColor>
<lineWidth>1</lineWidth>
<points>
<point x="391" y="248"/>
<point x="471" y="248"/>
</points>
</Connector>
<Connector class="oracle.dbtools.crest.swingui.relational.TVFKRelation" oid="A6A4CA05-7C79-92B2-3A77-FFA377E499F5" otype="FKIndexAssociation" vid_source="86F99A20-A019-2075-00EB-31BF290DCBFE" vid_target="2523B100-38A8-EDDD-C11B-B954F512C02E">
<hideElementsInCurrentOnly>false</hideElementsInCurrentOnly>
<backgroundColor>-16777216</backgroundColor>
<lineWidth>1</lineWidth>
<points>
<point x="636" y="93"/>
<point x="636" y="154"/>
</points>
</Connector>
</connectors>
</Diagram>