<?xml version = '1.0' encoding = 'UTF-8'?>
<relationalModel class="oracle.dbtools.crest.model.design.relational.RelationalDesign" name="Relational_1" id="D2DCA143-BCE9-0F41-BA7A-CBA57EF415D3" mainViewID="41FF3142-F295-B4B5-5AB0-C2CEA5D61251">
<createdBy>caio_semantix</createdBy>
<createdTime>2018-09-24 23:31:51 UTC</createdTime>
<ownerDesignName>modeloDIM</ownerDesignName>
<shouldBeOpen>false</shouldBeOpen>
<selectedRDBMSSite>32076570-2523-435C-2E92-BF29817DFF70</selectedRDBMSSite>
</relationalModel>