<?xml version = '1.0' encoding = 'UTF-8'?>
<Diagram class="oracle.dbtools.crest.swingui.logical.DPVLogical" name="Logical" id="39E77E73-C4BD-5693-2B57-F2C2944DEFFD">
<createdBy>caio_semantix</createdBy>
<modifiedBy>caio_semantix</modifiedBy>
<createdTime>2018-09-11 20:34:23 UTC</createdTime>
<autoRoute>false</autoRoute>
<boxInbox>true</boxInbox>
<showLegend>false</showLegend>
<showLabels>false</showLabels>
<showRelAttributes>false</showRelAttributes>
<gridEnabled>false</gridEnabled>
<showGrid>false</showGrid>
<diagramColor>-1</diagramColor>
<display>false</display>
<notation>2</notation>
<objectViews>
<OView class="oracle.dbtools.crest.swingui.logical.TVEntity" oid="056C2FCA-53BF-2B96-DD14-4316611A7419" otype="Entity" vid="9E0669F6-20E4-C88F-06B1-217B855BAC10">
<hideElementsInCurrentOnly>false</hideElementsInCurrentOnly>
<bounds x="480" y="458" width="232" height="93"/>
</OView>
<OView class="oracle.dbtools.crest.swingui.logical.TVEntity" oid="237F4621-9BA8-A0ED-1320-7285D3D35C04" otype="Entity" vid="781F2D68-D2A4-30FF-4572-3A938CF9E3F5">
<hideElementsInCurrentOnly>false</hideElementsInCurrentOnly>
<bounds x="490" y="157" width="223" height="165"/>
</OView>
<OView class="oracle.dbtools.crest.swingui.logical.TVEntity" oid="41D76F4F-300E-BA57-4DF4-EAF3FF2C3585" otype="Entity" vid="CB638AE4-5C82-1336-1F4F-8717A7705351">
<hideElementsInCurrentOnly>false</hideElementsInCurrentOnly>
<bounds x="532" y="10" width="170" height="75"/>
</OView>
<OView class="oracle.dbtools.crest.swingui.logical.TVEntity" oid="6FFCF1BA-312F-C1F1-AA0C-33AC2F5A0C95" otype="Entity" vid="AD28FEF4-A7C9-13A3-DE45-930008CFD6A2">
<hideElementsInCurrentOnly>false</hideElementsInCurrentOnly>
<bounds x="800" y="155" width="226" height="206"/>
</OView>
<OView class="oracle.dbtools.crest.swingui.logical.TVEntity" oid="E757D50D-C859-8313-BA82-34C88837D983" otype="Entity" vid="D7417171-A18D-066B-9E39-4523E0D6D207">
<hideElementsInCurrentOnly>false</hideElementsInCurrentOnly>
<bounds x="205" y="156" width="222" height="202"/>
</OView>
</objectViews>
<connectors>
<Connector class="oracle.dbtools.crest.swingui.logical.TVRelation" oid="1834F5D8-7B59-4A28-BBE7-61C2884E4CDB" otype="Relation" vid_source="D7417171-A18D-066B-9E39-4523E0D6D207" vid_target="781F2D68-D2A4-30FF-4572-3A938CF9E3F5">
<hideElementsInCurrentOnly>false</hideElementsInCurrentOnly>
<backgroundColor>-16777216</backgroundColor>
<lineWidth>1</lineWidth>
<points>
<point x="427" y="239"/>
<point x="490" y="239"/>
</points>
</Connector>
<Connector class="oracle.dbtools.crest.swingui.logical.TVRelation" oid="5221FC68-D9F9-D981-EA4C-85B6BBE75762" otype="Relation" vid_source="AD28FEF4-A7C9-13A3-DE45-930008CFD6A2" vid_target="781F2D68-D2A4-30FF-4572-3A938CF9E3F5">
<hideElementsInCurrentOnly>false</hideElementsInCurrentOnly>
<backgroundColor>-16777216</backgroundColor>
<lineWidth>1</lineWidth>
<points>
<point x="800" y="239"/>
<point x="713" y="239"/>
</points>
</Connector>
<Connector class="oracle.dbtools.crest.swingui.logical.TVRelation" oid="6CEA8E47-A45F-4508-B110-C6406E5ACBB2" otype="Relation" vid_source="CB638AE4-5C82-1336-1F4F-8717A7705351" vid_target="781F2D68-D2A4-30FF-4572-3A938CF9E3F5">
<hideElementsInCurrentOnly>false</hideElementsInCurrentOnly>
<backgroundColor>-16777216</backgroundColor>
<lineWidth>1</lineWidth>
<points>
<point x="617" y="85"/>
<point x="617" y="157"/>
</points>
</Connector>
<Connector class="oracle.dbtools.crest.swingui.logical.TVRelation" oid="A2E76F37-486A-F9AE-A29A-E792E6E03CF0" otype="Relation" vid_source="9E0669F6-20E4-C88F-06B1-217B855BAC10" vid_target="781F2D68-D2A4-30FF-4572-3A938CF9E3F5">
<hideElementsInCurrentOnly>false</hideElementsInCurrentOnly>
<backgroundColor>-16777216</backgroundColor>
<lineWidth>1</lineWidth>
<points>
<point x="601" y="458"/>
<point x="601" y="322"/>
</points>
</Connector>
</connectors>
</Diagram>