<?xml version = '1.0' encoding = 'UTF-8'?>
<Entity class="oracle.dbtools.crest.model.design.logical.Entity" directorySegmentName="seg_0" id="056C2FCA-53BF-2B96-DD14-4316611A7419" name="DIM_FAIXA_ETARIA">
<createdBy>caio_semantix</createdBy>
<createdTime>2018-09-11 20:48:56 UTC</createdTime>
<ownerDesignName>modeloDIM</ownerDesignName>
<engineerTo>
<item key="D2DCA143-BCE9-0F41-BA7A-CBA57EF415D3" value="true"/>
</engineerTo>
<typeID>2</typeID>
<adequatelyNormalized>NO</adequatelyNormalized>
<expectedVolumes>0</expectedVolumes>
<fwdEngineeringStrategyName>Single Table</fwdEngineeringStrategyName>
<growthPercent>0</growthPercent>
<growthType>Year</growthType>
<maxVolumes>9999999</maxVolumes>
<minVolumes>0</minVolumes>
<normalForm>Third</normalForm>
<attributes itemClass="oracle.dbtools.crest.model.design.logical.Attribute">
<Attribute name="sk_faixa_etaria" id="6BEF7969-651B-8431-8738-3DD8D630BF99">
<createdBy>caio_semantix</createdBy>
<createdTime>2018-09-11 23:23:01 UTC</createdTime>
<ownerDesignName>modeloDIM</ownerDesignName>
<engineerTo>
<item key="D2DCA143-BCE9-0F41-BA7A-CBA57EF415D3" value="true"/>
</engineerTo>
<useDomainConstraints>false</useDomainConstraints>
<use>1</use>
<logicalDatatype>LOGDT019</logicalDatatype>
<dataTypePrecision>8</dataTypePrecision>
<ownDataTypeParameters>,8,</ownDataTypeParameters>
</Attribute>
<Attribute name="nr_idade_inicial" id="EFBE76E9-147D-ACEB-6114-E580D371B83F">
<createdBy>caio_semantix</createdBy>
<createdTime>2018-09-11 23:28:20 UTC</createdTime>
<ownerDesignName>modeloDIM</ownerDesignName>
<engineerTo>
<item key="D2DCA143-BCE9-0F41-BA7A-CBA57EF415D3" value="true"/>
</engineerTo>
<useDomainConstraints>false</useDomainConstraints>
<use>1</use>
<logicalDatatype>LOGDT019</logicalDatatype>
<dataTypePrecision>3</dataTypePrecision>
<ownDataTypeParameters>,3,</ownDataTypeParameters>
</Attribute>
<Attribute name="nr_idade_final" id="751B9BDF-D397-9531-2A26-E4AA14C99FE9">
<createdBy>caio_semantix</createdBy>
<createdTime>2018-09-11 23:28:31 UTC</createdTime>
<ownerDesignName>modeloDIM</ownerDesignName>
<engineerTo>
<item key="D2DCA143-BCE9-0F41-BA7A-CBA57EF415D3" value="true"/>
</engineerTo>
<useDomainConstraints>false</useDomainConstraints>
<use>1</use>
<logicalDatatype>LOGDT019</logicalDatatype>
<dataTypePrecision>3</dataTypePrecision>
<ownDataTypeParameters>,3,</ownDataTypeParameters>
</Attribute>
<Attribute name="nm_faixa_etaria" id="45C00223-EA6E-244E-05EC-48D2CA8FA539">
<createdBy>caio_semantix</createdBy>
<createdTime>2018-09-11 23:23:09 UTC</createdTime>
<ownerDesignName>modeloDIM</ownerDesignName>
<engineerTo>
<item key="D2DCA143-BCE9-0F41-BA7A-CBA57EF415D3" value="true"/>
</engineerTo>
<useDomainConstraints>false</useDomainConstraints>
<use>1</use>
<logicalDatatype>LOGDT024</logicalDatatype>
<dataTypeSize>30</dataTypeSize>
<ownDataTypeParameters>30,,</ownDataTypeParameters>
</Attribute>
</attributes>
<identifiers itemClass="oracle.dbtools.crest.model.design.logical.CandidateKey">
<identifier id="DA6DC9A9-A44B-7BA7-CB45-7FCD1C6CFFCD" name="DIM_FAIXA_ETARIA PK">
<createdBy>caio_semantix</createdBy>
<createdTime>2018-09-11 23:23:08 UTC</createdTime>
<ownerDesignName>modeloDIM</ownerDesignName>
<engineerTo>
<item key="D2DCA143-BCE9-0F41-BA7A-CBA57EF415D3" value="true"/>
</engineerTo>
<pk>true</pk>
<usedAttributes>
<attributeRef>6BEF7969-651B-8431-8738-3DD8D630BF99</attributeRef>
</usedAttributes>
</identifier>
</identifiers>
</Entity>