<?xml version = '1.0' encoding = 'UTF-8'?>
<Entity class="oracle.dbtools.crest.model.design.logical.Entity" directorySegmentName="seg_0" id="237F4621-9BA8-A0ED-1320-7285D3D35C04" name="FTO_RESPOSTAS_QUESTIONARIOS">
<createdBy>caio_semantix</createdBy>
<createdTime>2018-09-11 23:47:59 UTC</createdTime>
<ownerDesignName>modeloDIM</ownerDesignName>
<engineerTo>
<item key="D2DCA143-BCE9-0F41-BA7A-CBA57EF415D3" value="true"/>
</engineerTo>
<typeID>1</typeID>
<adequatelyNormalized>NO</adequatelyNormalized>
<expectedVolumes>0</expectedVolumes>
<fwdEngineeringStrategyName>Single Table</fwdEngineeringStrategyName>
<growthPercent>0</growthPercent>
<growthType>Year</growthType>
<maxVolumes>9999999</maxVolumes>
<minVolumes>0</minVolumes>
<normalForm>Third</normalForm>
<attributes itemClass="oracle.dbtools.crest.model.design.logical.Attribute">
<Attribute name="sk_respostas" id="B07C04B0-B594-770C-2D6A-D9723535B121">
<createdBy>caio_semantix</createdBy>
<createdTime>2018-09-24 23:20:55 UTC</createdTime>
<ownerDesignName>modeloDIM</ownerDesignName>
<engineerTo>
<item key="D2DCA143-BCE9-0F41-BA7A-CBA57EF415D3" value="true"/>
</engineerTo>
<useDomainConstraints>false</useDomainConstraints>
<use>1</use>
<logicalDatatype>LOGDT019</logicalDatatype>
<dataTypePrecision>8</dataTypePrecision>
<ownDataTypeParameters>,8,</ownDataTypeParameters>
</Attribute>
<Attribute name="qt_agua" id="2BDD14ED-D1A1-E852-8308-D2F7F4100776">
<createdBy>caio_semantix</createdBy>
<createdTime>2018-09-11 23:47:59 UTC</createdTime>
<ownerDesignName>modeloDIM</ownerDesignName>
<engineerTo>
<item key="D2DCA143-BCE9-0F41-BA7A-CBA57EF415D3" value="true"/>
</engineerTo>
<useDomainConstraints>false</useDomainConstraints>
<use>1</use>
<logicalDatatype>LOGDT019</logicalDatatype>
<dataTypePrecision>4</dataTypePrecision>
<ownDataTypeParameters>,4,</ownDataTypeParameters>
</Attribute>
<Attribute name="qt_estresse" id="38211E2A-D602-53DD-1BED-EED548D5BF96">
<createdBy>caio_semantix</createdBy>
<createdTime>2018-09-24 23:11:03 UTC</createdTime>
<ownerDesignName>modeloDIM</ownerDesignName>
<engineerTo>
<item key="D2DCA143-BCE9-0F41-BA7A-CBA57EF415D3" value="true"/>
</engineerTo>
<useDomainConstraints>false</useDomainConstraints>
<use>1</use>
<logicalDatatype>LOGDT019</logicalDatatype>
<dataTypePrecision>4</dataTypePrecision>
<ownDataTypeParameters>,4,</ownDataTypeParameters>
</Attribute>
<Attribute name="vl_med_estresse" id="4B435AAA-A645-B917-9F00-F3D416C7E453">
<createdBy>caio_semantix</createdBy>
<createdTime>2018-09-24 23:17:17 UTC</createdTime>
<ownerDesignName>modeloDIM</ownerDesignName>
<engineerTo>
<item key="D2DCA143-BCE9-0F41-BA7A-CBA57EF415D3" value="true"/>
</engineerTo>
<useDomainConstraints>false</useDomainConstraints>
<use>1</use>
<logicalDatatype>LOGDT019</logicalDatatype>
<dataTypePrecision>5</dataTypePrecision>
<dataTypeScale>2</dataTypeScale>
<ownDataTypeParameters>,5,2</ownDataTypeParameters>
</Attribute>
<Attribute name="vl_imc" id="9095A093-26B0-2FD0-23AA-4452DA6C3472">
<createdBy>caio_semantix</createdBy>
<createdTime>2018-09-11 23:47:59 UTC</createdTime>
<ownerDesignName>modeloDIM</ownerDesignName>
<engineerTo>
<item key="D2DCA143-BCE9-0F41-BA7A-CBA57EF415D3" value="true"/>
</engineerTo>
<useDomainConstraints>false</useDomainConstraints>
<use>1</use>
<logicalDatatype>LOGDT019</logicalDatatype>
<dataTypePrecision>5</dataTypePrecision>
<dataTypeScale>2</dataTypeScale>
<ownDataTypeParameters>,5,2</ownDataTypeParameters>
</Attribute>
<Attribute name="sk_pessoa" id="5D54C58F-8465-A290-28CA-FAD3C584F2A6">
<createdBy>caio_semantix</createdBy>
<createdTime>2018-09-11 23:49:44 UTC</createdTime>
<generatorID>1834F5D8-7B59-4A28-BBE7-61C2884E4CDB</generatorID>
<ownerDesignName>modeloDIM</ownerDesignName>
<engineerTo>
<item key="D2DCA143-BCE9-0F41-BA7A-CBA57EF415D3" value="true"/>
</engineerTo>
<referedAttribute>A750791C-9F2F-6211-58D3-FE34AFEAE6C4</referedAttribute>
<use>1</use>
<logicalDatatype>LOGDT019</logicalDatatype>
<dataTypePrecision>8</dataTypePrecision>
<ownDataTypeParameters>,,</ownDataTypeParameters>
</Attribute>
<Attribute name="sk_tempo" id="8372F563-2E48-FF72-5240-46D1D5062984">
<createdBy>caio_semantix</createdBy>
<createdTime>2018-09-11 23:49:58 UTC</createdTime>
<generatorID>5221FC68-D9F9-D981-EA4C-85B6BBE75762</generatorID>
<ownerDesignName>modeloDIM</ownerDesignName>
<engineerTo>
<item key="D2DCA143-BCE9-0F41-BA7A-CBA57EF415D3" value="true"/>
</engineerTo>
<referedAttribute>4387FAA2-EE08-9BC4-A9EE-BAB811A50138</referedAttribute>
<use>1</use>
<logicalDatatype>LOGDT019</logicalDatatype>
<dataTypePrecision>8</dataTypePrecision>
<ownDataTypeParameters>,,</ownDataTypeParameters>
</Attribute>
<Attribute name="sk_imc" id="E40DD643-ACD3-DE50-CE41-B2CED5262E9F">
<createdBy>caio_semantix</createdBy>
<createdTime>2018-09-11 23:50:06 UTC</createdTime>
<generatorID>6CEA8E47-A45F-4508-B110-C6406E5ACBB2</generatorID>
<ownerDesignName>modeloDIM</ownerDesignName>
<engineerTo>
<item key="D2DCA143-BCE9-0F41-BA7A-CBA57EF415D3" value="true"/>
</engineerTo>
<referedAttribute>3C6757C1-3931-741F-8AED-8323D48D3ECA</referedAttribute>
<use>1</use>
<logicalDatatype>LOGDT019</logicalDatatype>
<dataTypePrecision>8</dataTypePrecision>
<ownDataTypeParameters>,,</ownDataTypeParameters>
</Attribute>
<Attribute name="sk_faixa_etaria" id="2BD40E08-2E6D-7A31-A5E1-9523EF5BA2A1">
<createdBy>caio_semantix</createdBy>
<createdTime>2018-09-11 23:50:10 UTC</createdTime>
<generatorID>A2E76F37-486A-F9AE-A29A-E792E6E03CF0</generatorID>
<ownerDesignName>modeloDIM</ownerDesignName>
<engineerTo>
<item key="D2DCA143-BCE9-0F41-BA7A-CBA57EF415D3" value="true"/>
</engineerTo>
<referedAttribute>6BEF7969-651B-8431-8738-3DD8D630BF99</referedAttribute>
<use>1</use>
<logicalDatatype>LOGDT019</logicalDatatype>
<dataTypePrecision>8</dataTypePrecision>
<ownDataTypeParameters>,,</ownDataTypeParameters>
</Attribute>
</attributes>
<identifiers itemClass="oracle.dbtools.crest.model.design.logical.CandidateKey">
<identifier id="17E2C1A4-89F8-7E66-A77C-C41A7C1FEAAC" name="FTO_RESPOSTAS PK">
<createdBy>caio_semantix</createdBy>
<createdTime>2018-09-24 23:21:01 UTC</createdTime>
<ownerDesignName>modeloDIM</ownerDesignName>
<engineerTo>
<item key="D2DCA143-BCE9-0F41-BA7A-CBA57EF415D3" value="true"/>
</engineerTo>
<pk>true</pk>
<usedAttributes>
<attributeRef>B07C04B0-B594-770C-2D6A-D9723535B121</attributeRef>
</usedAttributes>
</identifier>
</identifiers>
</Entity>