<?xml version = '1.0' encoding = 'UTF-8'?>
<Entity class="oracle.dbtools.crest.model.design.logical.Entity" directorySegmentName="seg_0" id="41D76F4F-300E-BA57-4DF4-EAF3FF2C3585" name="DIM_IMC">
<createdBy>caio_semantix</createdBy>
<createdTime>2018-09-11 20:48:46 UTC</createdTime>
<ownerDesignName>modeloDIM</ownerDesignName>
<typeID>2</typeID>
<adequatelyNormalized>NO</adequatelyNormalized>
<expectedVolumes>0</expectedVolumes>
<fwdEngineeringStrategyName>Single Table</fwdEngineeringStrategyName>
<growthPercent>0</growthPercent>
<growthType>Year</growthType>
<maxVolumes>9999999</maxVolumes>
<minVolumes>0</minVolumes>
<normalForm>Third</normalForm>
<attributes itemClass="oracle.dbtools.crest.model.design.logical.Attribute">
<Attribute name="sk_imc" id="3C6757C1-3931-741F-8AED-8323D48D3ECA">
<createdBy>caio_semantix</createdBy>
<createdTime>2018-09-11 23:21:20 UTC</createdTime>
<ownerDesignName>modeloDIM</ownerDesignName>
<useDomainConstraints>false</useDomainConstraints>
<use>1</use>
<logicalDatatype>LOGDT019</logicalDatatype>
<dataTypePrecision>8</dataTypePrecision>
<ownDataTypeParameters>,8,</ownDataTypeParameters>
</Attribute>
<Attribute name="tp_imc" id="94F46480-AFBB-1AFC-755B-A7718EFB4BC7">
<createdBy>caio_semantix</createdBy>
<createdTime>2018-09-11 23:21:30 UTC</createdTime>
<ownerDesignName>modeloDIM</ownerDesignName>
<useDomainConstraints>false</useDomainConstraints>
<use>1</use>
<logicalDatatype>LOGDT024</logicalDatatype>
<dataTypeSize>30</dataTypeSize>
<ownDataTypeParameters>30,,</ownDataTypeParameters>
</Attribute>
</attributes>
<identifiers itemClass="oracle.dbtools.crest.model.design.logical.CandidateKey">
<identifier id="35A19012-724E-D17B-AE66-EEEB9B8091A0" name="DIM_IMC PK">
<createdBy>caio_semantix</createdBy>
<createdTime>2018-09-11 23:21:27 UTC</createdTime>
<ownerDesignName>modeloDIM</ownerDesignName>
<pk>true</pk>
<usedAttributes>
<attributeRef>3C6757C1-3931-741F-8AED-8323D48D3ECA</attributeRef>
</usedAttributes>
</identifier>
</identifiers>
</Entity>