<?xml version = '1.0' encoding = 'UTF-8'?>
<Entity class="oracle.dbtools.crest.model.design.logical.Entity" directorySegmentName="seg_0" id="6FFCF1BA-312F-C1F1-AA0C-33AC2F5A0C95" name="DIM_TEMPO">
<createdBy>caio_semantix</createdBy>
<createdTime>2018-09-11 20:42:50 UTC</createdTime>
<ownerDesignName>modeloDIM</ownerDesignName>
<typeID>2</typeID>
<adequatelyNormalized>NO</adequatelyNormalized>
<expectedVolumes>0</expectedVolumes>
<fwdEngineeringStrategyName>Single Table</fwdEngineeringStrategyName>
<growthPercent>0</growthPercent>
<growthType>Year</growthType>
<maxVolumes>9999999</maxVolumes>
<minVolumes>0</minVolumes>
<normalForm>Third</normalForm>
<attributes itemClass="oracle.dbtools.crest.model.design.logical.Attribute">
<Attribute name="sk_tempo" id="4387FAA2-EE08-9BC4-A9EE-BAB811A50138">
<createdBy>caio_semantix</createdBy>
<createdTime>2018-09-11 23:09:03 UTC</createdTime>
<ownerDesignName>modeloDIM</ownerDesignName>
<useDomainConstraints>false</useDomainConstraints>
<use>1</use>
<logicalDatatype>LOGDT019</logicalDatatype>
<dataTypePrecision>8</dataTypePrecision>
<ownDataTypeParameters>,8,</ownDataTypeParameters>
</Attribute>
<Attribute name="dt_data" id="46556159-CFEE-87F9-6EB7-6BD50DC0E034">
<createdBy>caio_semantix</createdBy>
<createdTime>2018-09-11 23:09:09 UTC</createdTime>
<ownerDesignName>modeloDIM</ownerDesignName>
<useDomainConstraints>false</useDomainConstraints>
<use>1</use>
<logicalDatatype>LOGDT007</logicalDatatype>
<ownDataTypeParameters>,,</ownDataTypeParameters>
</Attribute>
<Attribute name="nr_dia" id="81117624-56CF-D265-4E4B-D6CAD5B58F5E">
<createdBy>caio_semantix</createdBy>
<createdTime>2018-09-11 23:09:30 UTC</createdTime>
<ownerDesignName>modeloDIM</ownerDesignName>
<useDomainConstraints>false</useDomainConstraints>
<use>1</use>
<logicalDatatype>LOGDT019</logicalDatatype>
<dataTypePrecision>2</dataTypePrecision>
<ownDataTypeParameters>,2,</ownDataTypeParameters>
</Attribute>
<Attribute name="nr_mes" id="31428EDF-18D1-36DD-EE49-81DEE312BFFD">
<createdBy>caio_semantix</createdBy>
<createdTime>2018-09-11 23:09:17 UTC</createdTime>
<ownerDesignName>modeloDIM</ownerDesignName>
<useDomainConstraints>false</useDomainConstraints>
<use>1</use>
<logicalDatatype>LOGDT019</logicalDatatype>
<dataTypePrecision>2</dataTypePrecision>
<ownDataTypeParameters>,2,</ownDataTypeParameters>
</Attribute>
<Attribute name="nr_ano" id="9C5A86A4-4CEE-D28B-04A3-6724DC312F87">
<createdBy>caio_semantix</createdBy>
<createdTime>2018-09-11 23:09:14 UTC</createdTime>
<ownerDesignName>modeloDIM</ownerDesignName>
<useDomainConstraints>false</useDomainConstraints>
<use>1</use>
<logicalDatatype>LOGDT019</logicalDatatype>
<dataTypePrecision>4</dataTypePrecision>
<ownDataTypeParameters>,4,</ownDataTypeParameters>
</Attribute>
<Attribute name="nm_mes" id="7F17CCD7-DA9C-B1DA-0284-1FFAA576A032">
<createdBy>caio_semantix</createdBy>
<createdTime>2018-09-11 23:09:22 UTC</createdTime>
<ownerDesignName>modeloDIM</ownerDesignName>
<useDomainConstraints>false</useDomainConstraints>
<use>1</use>
<logicalDatatype>LOGDT024</logicalDatatype>
<dataTypeSize>20</dataTypeSize>
<ownDataTypeParameters>20,,</ownDataTypeParameters>
</Attribute>
<Attribute name="nm_dia_semana" id="1ABF9B27-5A7A-0071-F68D-4F9C0080A8BA">
<createdBy>caio_semantix</createdBy>
<createdTime>2018-09-11 23:09:37 UTC</createdTime>
<ownerDesignName>modeloDIM</ownerDesignName>
<useDomainConstraints>false</useDomainConstraints>
<use>1</use>
<logicalDatatype>LOGDT024</logicalDatatype>
<dataTypeSize>20</dataTypeSize>
<ownDataTypeParameters>20,,</ownDataTypeParameters>
</Attribute>
<Attribute name="nr_quinzena" id="E481831D-BDAB-C28A-9A71-A401357D82A3">
<createdBy>caio_semantix</createdBy>
<createdTime>2018-09-11 23:09:44 UTC</createdTime>
<ownerDesignName>modeloDIM</ownerDesignName>
<useDomainConstraints>false</useDomainConstraints>
<use>1</use>
<logicalDatatype>LOGDT019</logicalDatatype>
<dataTypePrecision>2</dataTypePrecision>
<ownDataTypeParameters>,2,</ownDataTypeParameters>
</Attribute>
<Attribute name="br_bimestre" id="54EEDC51-33C1-7E8E-B7EB-E4D956570658">
<createdBy>caio_semantix</createdBy>
<createdTime>2018-09-11 23:09:50 UTC</createdTime>
<ownerDesignName>modeloDIM</ownerDesignName>
<useDomainConstraints>false</useDomainConstraints>
<use>1</use>
<logicalDatatype>LOGDT019</logicalDatatype>
<dataTypePrecision>2</dataTypePrecision>
<ownDataTypeParameters>,2,</ownDataTypeParameters>
</Attribute>
<Attribute name="nr_trimestre" id="6CA40447-8B01-6106-9007-6F0417437320">
<createdBy>caio_semantix</createdBy>
<createdTime>2018-09-11 23:09:58 UTC</createdTime>
<ownerDesignName>modeloDIM</ownerDesignName>
<useDomainConstraints>false</useDomainConstraints>
<use>1</use>
<logicalDatatype>LOGDT019</logicalDatatype>
<dataTypePrecision>2</dataTypePrecision>
<ownDataTypeParameters>,2,</ownDataTypeParameters>
</Attribute>
<Attribute name="nr_semestre" id="A5EE514E-422B-1DD3-356C-33EA60ED944B">
<createdBy>caio_semantix</createdBy>
<createdTime>2018-09-11 23:10:07 UTC</createdTime>
<ownerDesignName>modeloDIM</ownerDesignName>
<useDomainConstraints>false</useDomainConstraints>
<use>1</use>
<logicalDatatype>LOGDT019</logicalDatatype>
<dataTypePrecision>2</dataTypePrecision>
<ownDataTypeParameters>,2,</ownDataTypeParameters>
</Attribute>
<Attribute name="dt_feriado" id="0EA46A2D-E92E-4806-11EC-415862B06D85">
<createdBy>caio_semantix</createdBy>
<createdTime>2018-09-11 23:10:12 UTC</createdTime>
<ownerDesignName>modeloDIM</ownerDesignName>
<useDomainConstraints>false</useDomainConstraints>
<use>1</use>
<logicalDatatype>LOGDT007</logicalDatatype>
<ownDataTypeParameters>,,</ownDataTypeParameters>
</Attribute>
</attributes>
<identifiers itemClass="oracle.dbtools.crest.model.design.logical.CandidateKey">
<identifier id="0C0D5738-2E7C-A8F3-559F-719DAA6FE2E6" name="DIM_TEMPO PK">
<createdBy>caio_semantix</createdBy>
<createdTime>2018-09-11 23:10:28 UTC</createdTime>
<ownerDesignName>modeloDIM</ownerDesignName>
<pk>true</pk>
<usedAttributes>
<attributeRef>4387FAA2-EE08-9BC4-A9EE-BAB811A50138</attributeRef>
</usedAttributes>
</identifier>
</identifiers>
</Entity>