<?xml version = '1.0' encoding = 'UTF-8'?>
<Entity class="oracle.dbtools.crest.model.design.logical.Entity" directorySegmentName="seg_0" id="E757D50D-C859-8313-BA82-34C88837D983" name="DIM_PESSOA">
<createdBy>caio_semantix</createdBy>
<createdTime>2018-09-11 20:42:40 UTC</createdTime>
<ownerDesignName>modeloDIM</ownerDesignName>
<typeID>2</typeID>
<adequatelyNormalized>NO</adequatelyNormalized>
<expectedVolumes>0</expectedVolumes>
<fwdEngineeringStrategyName>Single Table</fwdEngineeringStrategyName>
<growthPercent>0</growthPercent>
<growthType>Year</growthType>
<maxVolumes>9999999</maxVolumes>
<minVolumes>0</minVolumes>
<normalForm>Third</normalForm>
<attributes itemClass="oracle.dbtools.crest.model.design.logical.Attribute">
<Attribute name="sk_pessoa" id="A750791C-9F2F-6211-58D3-FE34AFEAE6C4">
<createdBy>caio_semantix</createdBy>
<createdTime>2018-09-11 23:11:11 UTC</createdTime>
<ownerDesignName>modeloDIM</ownerDesignName>
<useDomainConstraints>false</useDomainConstraints>
<use>1</use>
<logicalDatatype>LOGDT019</logicalDatatype>
<dataTypePrecision>8</dataTypePrecision>
<ownDataTypeParameters>,8,</ownDataTypeParameters>
</Attribute>
<Attribute name="id_pessoa" id="763D723D-072B-F345-BAC5-81C96640AB0E">
<createdBy>caio_semantix</createdBy>
<createdTime>2018-09-11 23:11:18 UTC</createdTime>
<ownerDesignName>modeloDIM</ownerDesignName>
<useDomainConstraints>false</useDomainConstraints>
<use>1</use>
<logicalDatatype>LOGDT024</logicalDatatype>
<dataTypeSize>4</dataTypeSize>
<ownDataTypeParameters>4,,</ownDataTypeParameters>
</Attribute>
<Attribute name="nm_pessoa" id="5C4D9B60-C370-1CD1-CEEE-B1CDBCC2DE7A">
<createdBy>caio_semantix</createdBy>
<createdTime>2018-09-11 23:11:29 UTC</createdTime>
<ownerDesignName>modeloDIM</ownerDesignName>
<useDomainConstraints>false</useDomainConstraints>
<use>1</use>
<logicalDatatype>LOGDT024</logicalDatatype>
<dataTypeSize>60</dataTypeSize>
<ownDataTypeParameters>60,,</ownDataTypeParameters>
</Attribute>
<Attribute name="nr_dia_nasc" id="ED6282A1-29C9-571F-9884-2972010547F5">
<createdBy>caio_semantix</createdBy>
<createdTime>2018-09-11 23:19:16 UTC</createdTime>
<ownerDesignName>modeloDIM</ownerDesignName>
<useDomainConstraints>false</useDomainConstraints>
<use>1</use>
<logicalDatatype>LOGDT019</logicalDatatype>
<dataTypePrecision>2</dataTypePrecision>
<ownDataTypeParameters>,2,</ownDataTypeParameters>
</Attribute>
<Attribute name="nr_mes_nasc" id="F841F69D-927A-2231-7979-870A08C53D7C">
<createdBy>caio_semantix</createdBy>
<createdTime>2018-09-11 23:19:25 UTC</createdTime>
<ownerDesignName>modeloDIM</ownerDesignName>
<useDomainConstraints>false</useDomainConstraints>
<use>1</use>
<logicalDatatype>LOGDT019</logicalDatatype>
<dataTypePrecision>2</dataTypePrecision>
<ownDataTypeParameters>,2,</ownDataTypeParameters>
</Attribute>
<Attribute name="nr_ano_nasc" id="67951F16-B35F-614B-73B8-A45D32C5DB1E">
<createdBy>caio_semantix</createdBy>
<createdTime>2018-09-11 23:19:42 UTC</createdTime>
<ownerDesignName>modeloDIM</ownerDesignName>
<useDomainConstraints>false</useDomainConstraints>
<use>1</use>
<logicalDatatype>LOGDT019</logicalDatatype>
<dataTypePrecision>4</dataTypePrecision>
<ownDataTypeParameters>,4,</ownDataTypeParameters>
</Attribute>
<Attribute name="nr_dia_cadastro" id="B274B35A-34E1-344F-9A2D-987094708B46">
<createdBy>caio_semantix</createdBy>
<createdTime>2018-09-11 23:19:48 UTC</createdTime>
<ownerDesignName>modeloDIM</ownerDesignName>
<useDomainConstraints>false</useDomainConstraints>
<use>1</use>
<logicalDatatype>LOGDT019</logicalDatatype>
<dataTypePrecision>2</dataTypePrecision>
<ownDataTypeParameters>,2,</ownDataTypeParameters>
</Attribute>
<Attribute name="nr_mes_cadastro" id="05B2B884-D105-876E-973D-2C73AE6FE6D9">
<createdBy>caio_semantix</createdBy>
<createdTime>2018-09-11 23:20:03 UTC</createdTime>
<ownerDesignName>modeloDIM</ownerDesignName>
<useDomainConstraints>false</useDomainConstraints>
<use>1</use>
<logicalDatatype>LOGDT019</logicalDatatype>
<dataTypePrecision>2</dataTypePrecision>
<ownDataTypeParameters>,2,</ownDataTypeParameters>
</Attribute>
<Attribute name="nr_ano_cadastro" id="67A330A6-3160-F60A-2B98-BE9A35FA2213">
<createdBy>caio_semantix</createdBy>
<createdTime>2018-09-11 23:20:08 UTC</createdTime>
<ownerDesignName>modeloDIM</ownerDesignName>
<useDomainConstraints>false</useDomainConstraints>
<use>1</use>
<logicalDatatype>LOGDT019</logicalDatatype>
<dataTypePrecision>4</dataTypePrecision>
<ownDataTypeParameters>,4,</ownDataTypeParameters>
</Attribute>
<Attribute name="nm_sexo" id="7FE6CD81-87A3-77BF-D0BA-B1CC26018705">
<createdBy>caio_semantix</createdBy>
<createdTime>2018-09-11 23:20:13 UTC</createdTime>
<ownerDesignName>modeloDIM</ownerDesignName>
<useDomainConstraints>false</useDomainConstraints>
<use>1</use>
<logicalDatatype>LOGDT024</logicalDatatype>
<dataTypeSize>20</dataTypeSize>
<ownDataTypeParameters>20,,</ownDataTypeParameters>
</Attribute>
<Attribute name="nr_altura" id="195A47C6-0E1B-8C8D-D471-9D8FAFCCFDCA">
<createdBy>caio_semantix</createdBy>
<createdTime>2018-09-11 23:20:16 UTC</createdTime>
<ownerDesignName>modeloDIM</ownerDesignName>
<useDomainConstraints>false</useDomainConstraints>
<use>1</use>
<logicalDatatype>LOGDT019</logicalDatatype>
<dataTypePrecision>3</dataTypePrecision>
<dataTypeScale>2</dataTypeScale>
<ownDataTypeParameters>,3,2</ownDataTypeParameters>
</Attribute>
<Attribute name="nr_peso" id="ED10393B-97C7-E785-95A7-24C493E8D2E4">
<createdBy>caio_semantix</createdBy>
<createdTime>2018-09-11 23:20:21 UTC</createdTime>
<ownerDesignName>modeloDIM</ownerDesignName>
<useDomainConstraints>false</useDomainConstraints>
<use>1</use>
<logicalDatatype>LOGDT019</logicalDatatype>
<dataTypePrecision>3</dataTypePrecision>
<dataTypeScale>2</dataTypeScale>
<ownDataTypeParameters>,3,2</ownDataTypeParameters>
</Attribute>
</attributes>
<identifiers itemClass="oracle.dbtools.crest.model.design.logical.CandidateKey">
<identifier id="379070E4-BF4F-0F8B-6E24-F52F82FD0F80" name="DIM_PESSOA PK">
<createdBy>caio_semantix</createdBy>
<createdTime>2018-09-11 23:11:17 UTC</createdTime>
<ownerDesignName>modeloDIM</ownerDesignName>
<pk>true</pk>
<usedAttributes>
<attributeRef>A750791C-9F2F-6211-58D3-FE34AFEAE6C4</attributeRef>
</usedAttributes>
</identifier>
</identifiers>
</Entity>