<?xml version = '1.0' encoding = 'UTF-8'?>
<FKIndexAssociation class="oracle.dbtools.crest.model.design.relational.FKIndexAssociation" directorySegmentName="seg_0" id="08CDAFB1-D134-AC9F-F084-575E8CE6F909" containerWithKeyObject="E97B4F7A-FB8A-EFF4-76F5-F3CAAE243D4D" localFKIndex="2666BF66-F274-5E19-E839-7CF1A814F2E1" name="DIM_TEMPO_FK">
<createdBy>caio_semantix</createdBy>
<createdTime>2018-09-24 23:32:06 UTC</createdTime>
<generatorID>5221FC68-D9F9-D981-EA4C-85B6BBE75762</generatorID>
<ownerDesignName>modeloDIM</ownerDesignName>
<referredTableLongName>DIM_TEMPO</referredTableLongName>
<deleteRule>NO ACTION</deleteRule>
<referredTableID>F63D3024-8E87-ABAA-9E97-DCD4815BED1B</referredTableID>
<keyObject>D81EEE8C-740E-23FA-4418-9DB39613252C</keyObject>
<referredKeyID>D81EEE8C-740E-23FA-4418-9DB39613252C</referredKeyID>
<mandatory>true</mandatory>
<refColNames>sk_tempo</refColNames>
<transferable>true</transferable>
<rely>false</rely>
<columnDependencyConstraintGenerateInDDL>true</columnDependencyConstraintGenerateInDDL>
</FKIndexAssociation>