<?xml version = '1.0' encoding = 'UTF-8'?>
<FKIndexAssociation class="oracle.dbtools.crest.model.design.relational.FKIndexAssociation" directorySegmentName="seg_0" id="38895D00-5D9E-CF7A-E976-07888D6D2BC1" containerWithKeyObject="E97B4F7A-FB8A-EFF4-76F5-F3CAAE243D4D" localFKIndex="90231318-0716-373D-7E8D-324D5E8BF88E" name="DIM_FAIXA_ETARIA_FK">
<createdBy>caio_semantix</createdBy>
<createdTime>2018-09-24 23:32:06 UTC</createdTime>
<generatorID>A2E76F37-486A-F9AE-A29A-E792E6E03CF0</generatorID>
<ownerDesignName>modeloDIM</ownerDesignName>
<referredTableLongName>DIM_FAIXA_ETARIA</referredTableLongName>
<deleteRule>NO ACTION</deleteRule>
<referredTableID>B94ACB8E-7D63-C75B-A96D-A7616077C2C6</referredTableID>
<keyObject>3EE357AC-6081-B85D-3964-28A6294AC1EC</keyObject>
<referredKeyID>3EE357AC-6081-B85D-3964-28A6294AC1EC</referredKeyID>
<mandatory>true</mandatory>
<refColNames>sk_faixa_etaria</refColNames>
<transferable>true</transferable>
<rely>false</rely>
<columnDependencyConstraintGenerateInDDL>true</columnDependencyConstraintGenerateInDDL>
</FKIndexAssociation>