<?xml version = '1.0' encoding = 'UTF-8'?>
<FKIndexAssociation class="oracle.dbtools.crest.model.design.relational.FKIndexAssociation" directorySegmentName="seg_0" id="6292C2D9-AE3C-2A82-1001-7157E23B3CF0" containerWithKeyObject="E97B4F7A-FB8A-EFF4-76F5-F3CAAE243D4D" localFKIndex="0414C430-5ADA-CC00-E547-6E8EA2EA5A54" name="DIM_PESSOA_FK">
<createdBy>caio_semantix</createdBy>
<createdTime>2018-09-24 23:32:06 UTC</createdTime>
<generatorID>1834F5D8-7B59-4A28-BBE7-61C2884E4CDB</generatorID>
<ownerDesignName>modeloDIM</ownerDesignName>
<referredTableLongName>DIM_PESSOA</referredTableLongName>
<deleteRule>NO ACTION</deleteRule>
<referredTableID>F9B46959-ECD8-99DE-E232-E0AB9D4ED2C5</referredTableID>
<keyObject>C6389027-7BCE-0CE7-4129-F6611B8E4FFB</keyObject>
<referredKeyID>C6389027-7BCE-0CE7-4129-F6611B8E4FFB</referredKeyID>
<mandatory>true</mandatory>
<refColNames>sk_pessoa</refColNames>
<transferable>true</transferable>
<rely>false</rely>
<columnDependencyConstraintGenerateInDDL>true</columnDependencyConstraintGenerateInDDL>
</FKIndexAssociation>