<?xml version = '1.0' encoding = 'UTF-8'?>
<FKIndexAssociation class="oracle.dbtools.crest.model.design.relational.FKIndexAssociation" directorySegmentName="seg_0" id="A6A4CA05-7C79-92B2-3A77-FFA377E499F5" containerWithKeyObject="E97B4F7A-FB8A-EFF4-76F5-F3CAAE243D4D" localFKIndex="04E3DBBB-B5C6-D5F7-BAC0-985BE1CBCAF1" name="DIM_IMC_FK">
<createdBy>caio_semantix</createdBy>
<createdTime>2018-09-24 23:32:06 UTC</createdTime>
<generatorID>6CEA8E47-A45F-4508-B110-C6406E5ACBB2</generatorID>
<ownerDesignName>modeloDIM</ownerDesignName>
<referredTableLongName>DIM_IMC</referredTableLongName>
<deleteRule>NO ACTION</deleteRule>
<referredTableID>35C04DA3-B568-9E5C-2789-9BCCB8AB4696</referredTableID>
<keyObject>41CA0C1B-B797-5736-5848-B8986CC9E61D</keyObject>
<referredKeyID>41CA0C1B-B797-5736-5848-B8986CC9E61D</referredKeyID>
<mandatory>true</mandatory>
<refColNames>sk_imc</refColNames>
<transferable>true</transferable>
<rely>false</rely>
<columnDependencyConstraintGenerateInDDL>true</columnDependencyConstraintGenerateInDDL>
</FKIndexAssociation>