<?xml version = '1.0' encoding = 'UTF-8'?>
<Table class="oracle.dbtools.crest.model.design.relational.Table" directorySegmentName="seg_0" id="025BE5D4-D5A4-B25A-2D72-8E3E1AF54000" name="FTO_CONTROLE_AGUA">
<createdBy>caio_semantix</createdBy>
<createdTime>2018-09-12 00:42:02 UTC</createdTime>
<generatorID>E51A5A2A-9223-7FE1-A833-4EB7DA3B76BE</generatorID>
<ownerDesignName>modeloDIM</ownerDesignName>
<allowColumnReorder>false</allowColumnReorder>
<existDependencyGenerateInDDl>true</existDependencyGenerateInDDl>
<parsed>true</parsed>
<columns itemClass="oracle.dbtools.crest.model.design.relational.Column">
<Column name="qt_agua" id="30B27644-EC5C-5037-F749-42628FB4BA26">
<createdBy>caio_semantix</createdBy>
<createdTime>2018-09-12 00:42:02 UTC</createdTime>
<generatorID>4BD53949-FF17-5525-7C82-C90381A942F2</generatorID>
<ownerDesignName>modeloDIM</ownerDesignName>
<use>0</use>
<ownDataTypeParameters>,,</ownDataTypeParameters>
<autoIncrementCycle>false</autoIncrementCycle>
</Column>
<Column name="vl_imc" id="69842F9D-BC1F-87F2-8CC0-A1FE3A16D10E">
<createdBy>caio_semantix</createdBy>
<createdTime>2018-09-12 00:42:02 UTC</createdTime>
<generatorID>9DD40506-FB09-D8B3-2A02-E36FFA2BE5B7</generatorID>
<ownerDesignName>modeloDIM</ownerDesignName>
<use>0</use>
<ownDataTypeParameters>,,</ownDataTypeParameters>
<autoIncrementCycle>false</autoIncrementCycle>
</Column>
<Column name="DIM_PESSOA_sk_pessoa" id="9EE56608-B62A-C8D0-CB8F-2B5F4A7E68A7">
<createdBy>caio_semantix</createdBy>
<createdTime>2018-09-12 00:42:02 UTC</createdTime>
<generatorID>339E6A83-257B-CBD2-E5AB-7D076EBA8677</generatorID>
<ownerDesignName>modeloDIM</ownerDesignName>
<use>0</use>
<ownDataTypeParameters>,,</ownDataTypeParameters>
<previousColumn>false</previousColumn>
<autoIncrementCycle>false</autoIncrementCycle>
<associations>
<colAssociation fkAssociation="B057586C-BF2C-82FB-47B2-E58D173D8B91" referredColumn="CA8A22C2-F018-4579-B139-C8B990CA2A4A"/>
</associations>
</Column>
<Column name="DIM_ESTILO_USUARIO_sk_estilo_usuario" id="476211E7-B5F7-046A-769D-539A1633A988">
<createdBy>caio_semantix</createdBy>
<createdTime>2018-09-12 00:42:02 UTC</createdTime>
<generatorID>674E9F81-C2D1-5F91-951A-124DF8D26E90</generatorID>
<ownerDesignName>modeloDIM</ownerDesignName>
<use>0</use>
<ownDataTypeParameters>,,</ownDataTypeParameters>
<previousColumn>false</previousColumn>
<autoIncrementCycle>false</autoIncrementCycle>
<associations>
<colAssociation fkAssociation="9C6DA87B-CE07-2C04-4E59-023F4E6C4C7F" referredColumn="985EF4F5-4BF7-8092-AFDE-065A01F6F836"/>
</associations>
</Column>
<Column name="DIM_TEMPO_sk_tempo" id="248DAEB6-02D7-E501-34F0-1122B54C1B2B">
<createdBy>caio_semantix</createdBy>
<createdTime>2018-09-12 00:42:02 UTC</createdTime>
<generatorID>072C688E-D001-738C-CDC1-DF95B5B04F09</generatorID>
<ownerDesignName>modeloDIM</ownerDesignName>
<use>0</use>
<ownDataTypeParameters>,,</ownDataTypeParameters>
<previousColumn>false</previousColumn>
<autoIncrementCycle>false</autoIncrementCycle>
<associations>
<colAssociation fkAssociation="A882F0E3-3CDD-B812-A45C-B626E4472E22" referredColumn="E5E8D5BC-1544-25DB-2B98-BEA5C3096F3D"/>
</associations>
</Column>
<Column name="DIM_IMC_sk_imc" id="495B647C-C375-F4D7-F167-E3FC7D1440EE">
<createdBy>caio_semantix</createdBy>
<createdTime>2018-09-12 00:42:02 UTC</createdTime>
<generatorID>7C42E329-28C4-448A-0F8C-8541CD9281FE</generatorID>
<ownerDesignName>modeloDIM</ownerDesignName>
<use>0</use>
<ownDataTypeParameters>,,</ownDataTypeParameters>
<previousColumn>false</previousColumn>
<autoIncrementCycle>false</autoIncrementCycle>
<associations>
<colAssociation fkAssociation="B85C81AA-46B6-5FF4-9CBE-CC815C534135" referredColumn="4C83BB7A-2DC0-7C05-7E68-DD2B14550734"/>
</associations>
</Column>
<Column name="DIM_FAIXA_ETARIA_sk_faiza_etaria" id="34D8FE14-27F2-8FCA-EB1D-889C5937F08E">
<createdBy>caio_semantix</createdBy>
<createdTime>2018-09-12 00:42:02 UTC</createdTime>
<generatorID>E6C0477D-2EBA-BEF3-A775-91C083AE9430</generatorID>
<ownerDesignName>modeloDIM</ownerDesignName>
<use>0</use>
<ownDataTypeParameters>,,</ownDataTypeParameters>
<previousColumn>false</previousColumn>
<autoIncrementCycle>false</autoIncrementCycle>
<associations>
<colAssociation fkAssociation="70FF7F4D-07E4-9ECA-057F-168CA8198E43" referredColumn="3CD849F0-6277-0429-1DC6-BD84CDAEA34D"/>
</associations>
</Column>
</columns>
<indexes itemClass="oracle.dbtools.crest.model.design.relational.Index">
<ind_PK_UK id="6C6EC25E-1B85-1F77-D465-250C9ACE0374" name="FTO_CONTROLE_AGUA_DIM_PESSOA_FK">
<createdBy>caio_semantix</createdBy>
<createdTime>2018-09-12 00:42:02 UTC</createdTime>
<generatorID>A480C4D9-1FB1-8F62-666F-2098228A3F10</generatorID>
<ownerDesignName>modeloDIM</ownerDesignName>
<indexState>Foreign Key</indexState>
<isSurrogateKey>false</isSurrogateKey>
<indexColumnUsage>
<colUsage columnID="9EE56608-B62A-C8D0-CB8F-2B5F4A7E68A7"/>
</indexColumnUsage>
</ind_PK_UK>
<ind_PK_UK id="99A3ADBE-D7FD-3F5D-3476-B0526C59BBBA" name="FTO_CONTROLE_AGUA_DIM_IMC_FK">
<createdBy>caio_semantix</createdBy>
<createdTime>2018-09-12 00:42:02 UTC</createdTime>
<generatorID>BFE4EBB9-2FA8-DDD1-F57B-D322C00EA7BF</generatorID>
<ownerDesignName>modeloDIM</ownerDesignName>
<indexState>Foreign Key</indexState>
<isSurrogateKey>false</isSurrogateKey>
<indexColumnUsage>
<colUsage columnID="495B647C-C375-F4D7-F167-E3FC7D1440EE"/>
</indexColumnUsage>
</ind_PK_UK>
<ind_PK_UK id="A3681D94-E375-7196-62CA-512CB4AA12B2" name="FTO_CONTROLE_AGUA_DIM_TEMPO_FK">
<createdBy>caio_semantix</createdBy>
<createdTime>2018-09-12 00:42:02 UTC</createdTime>
<generatorID>CBC5B05C-114D-2FE0-2C0A-95616228061F</generatorID>
<ownerDesignName>modeloDIM</ownerDesignName>
<indexState>Foreign Key</indexState>
<isSurrogateKey>false</isSurrogateKey>
<indexColumnUsage>
<colUsage columnID="248DAEB6-02D7-E501-34F0-1122B54C1B2B"/>
</indexColumnUsage>
</ind_PK_UK>
<ind_PK_UK id="43EA53ED-9182-13EF-4675-C2A5813FF203" name="FTO_CONTROLE_AGUA_DIM_FAIXA_ETARIA_FK">
<createdBy>caio_semantix</createdBy>
<createdTime>2018-09-12 00:42:02 UTC</createdTime>
<generatorID>1A175ECC-7828-639E-E7E2-9850D8D95D5F</generatorID>
<ownerDesignName>modeloDIM</ownerDesignName>
<indexState>Foreign Key</indexState>
<isSurrogateKey>false</isSurrogateKey>
<indexColumnUsage>
<colUsage columnID="34D8FE14-27F2-8FCA-EB1D-889C5937F08E"/>
</indexColumnUsage>
</ind_PK_UK>
<ind_PK_UK id="D0695566-AD76-264D-05B9-CFC2CBA90445" name="FTO_CONTROLE_AGUA_DIM_ESTILO_USUARIO_FK">
<createdBy>caio_semantix</createdBy>
<createdTime>2018-09-12 00:42:02 UTC</createdTime>
<generatorID>ACF2D212-1BD6-EA76-A775-A87DC7AB5B7A</generatorID>
<ownerDesignName>modeloDIM</ownerDesignName>
<indexState>Foreign Key</indexState>
<isSurrogateKey>false</isSurrogateKey>
<indexColumnUsage>
<colUsage columnID="476211E7-B5F7-046A-769D-539A1633A988"/>
</indexColumnUsage>
</ind_PK_UK>
</indexes>
</Table>