<?xml version = '1.0' encoding = 'UTF-8'?>
<Table class="oracle.dbtools.crest.model.design.relational.Table" directorySegmentName="seg_0" id="1DBD1AFE-B412-257F-BFA1-28EB9C5BE237" name="DIM_FRUTAS">
<createdBy>caio_semantix</createdBy>
<createdTime>2018-09-12 00:42:02 UTC</createdTime>
<generatorID>1860B583-F8DA-E666-83CB-282326D12E94</generatorID>
<ownerDesignName>modeloDIM</ownerDesignName>
<allowColumnReorder>false</allowColumnReorder>
<existDependencyGenerateInDDl>true</existDependencyGenerateInDDl>
<parsed>true</parsed>
<columns itemClass="oracle.dbtools.crest.model.design.relational.Column">
<Column name="sk_fruta" id="973AFC18-3783-2AEF-73CE-E0B82AFC610A">
<createdBy>caio_semantix</createdBy>
<createdTime>2018-09-12 00:42:02 UTC</createdTime>
<generatorID>A1DC5255-EADD-145D-3165-5890896DCD8A</generatorID>
<ownerDesignName>modeloDIM</ownerDesignName>
<use>0</use>
<ownDataTypeParameters>,,</ownDataTypeParameters>
<autoIncrementCycle>false</autoIncrementCycle>
</Column>
<Column name="nm_fruta" id="E52941E1-C59C-2DA9-AB70-ECD603509237">
<createdBy>caio_semantix</createdBy>
<createdTime>2018-09-12 00:42:02 UTC</createdTime>
<generatorID>2EDB377F-7B30-D59E-FCDA-BF01095CBE58</generatorID>
<ownerDesignName>modeloDIM</ownerDesignName>
<nullsAllowed>true</nullsAllowed>
<use>0</use>
<ownDataTypeParameters>,,</ownDataTypeParameters>
<autoIncrementCycle>false</autoIncrementCycle>
</Column>
</columns>
<indexes itemClass="oracle.dbtools.crest.model.design.relational.Index">
<ind_PK_UK id="6D9DF6EC-F8A7-1A4A-2A59-B0F0AF910C2B" name="DIM_FRUTAS_PK">
<createdBy>caio_semantix</createdBy>
<createdTime>2018-09-12 00:42:02 UTC</createdTime>
<generatorID>D2EDDD60-CCEE-7371-D8FE-7881ABF7B0A0</generatorID>
<ownerDesignName>modeloDIM</ownerDesignName>
<pk>true</pk>
<indexState>Primary Constraint</indexState>
<isSurrogateKey>false</isSurrogateKey>
<indexColumnUsage>
<colUsage columnID="973AFC18-3783-2AEF-73CE-E0B82AFC610A"/>
</indexColumnUsage>
</ind_PK_UK>
</indexes>
</Table>