<?xml version = '1.0' encoding = 'UTF-8'?>
<Table class="oracle.dbtools.crest.model.design.relational.Table" directorySegmentName="seg_0" id="24616C22-774C-F21D-5C3B-FD8049EF6BF8" name="DIM_IMC">
<createdBy>caio_semantix</createdBy>
<createdTime>2018-09-12 00:42:02 UTC</createdTime>
<generatorID>41D76F4F-300E-BA57-4DF4-EAF3FF2C3585</generatorID>
<ownerDesignName>modeloDIM</ownerDesignName>
<allowColumnReorder>false</allowColumnReorder>
<existDependencyGenerateInDDl>true</existDependencyGenerateInDDl>
<parsed>true</parsed>
<columns itemClass="oracle.dbtools.crest.model.design.relational.Column">
<Column name="sk_imc" id="4C83BB7A-2DC0-7C05-7E68-DD2B14550734">
<createdBy>caio_semantix</createdBy>
<createdTime>2018-09-12 00:42:02 UTC</createdTime>
<generatorID>3C6757C1-3931-741F-8AED-8323D48D3ECA</generatorID>
<ownerDesignName>modeloDIM</ownerDesignName>
<use>0</use>
<ownDataTypeParameters>,,</ownDataTypeParameters>
<autoIncrementCycle>false</autoIncrementCycle>
</Column>
<Column name="tp_imc" id="02A81719-9843-9349-74A6-86AA7502FE8A">
<createdBy>caio_semantix</createdBy>
<createdTime>2018-09-12 00:42:02 UTC</createdTime>
<generatorID>94F46480-AFBB-1AFC-755B-A7718EFB4BC7</generatorID>
<ownerDesignName>modeloDIM</ownerDesignName>
<use>0</use>
<ownDataTypeParameters>,,</ownDataTypeParameters>
<autoIncrementCycle>false</autoIncrementCycle>
</Column>
</columns>
<indexes itemClass="oracle.dbtools.crest.model.design.relational.Index">
<ind_PK_UK id="EF338388-9D22-F856-263F-2693194953F5" name="DIM_IMC_PK">
<createdBy>caio_semantix</createdBy>
<createdTime>2018-09-12 00:42:02 UTC</createdTime>
<generatorID>35A19012-724E-D17B-AE66-EEEB9B8091A0</generatorID>
<ownerDesignName>modeloDIM</ownerDesignName>
<pk>true</pk>
<indexState>Primary Constraint</indexState>
<isSurrogateKey>false</isSurrogateKey>
<indexColumnUsage>
<colUsage columnID="4C83BB7A-2DC0-7C05-7E68-DD2B14550734"/>
</indexColumnUsage>
</ind_PK_UK>
</indexes>
</Table>