<?xml version = '1.0' encoding = 'UTF-8'?>
<Table class="oracle.dbtools.crest.model.design.relational.Table" directorySegmentName="seg_0" id="5B5FC1A3-732F-E739-BCB3-651AC748D99A" name="FTO_CONTROLE_FRUTA">
<createdBy>caio_semantix</createdBy>
<createdTime>2018-09-12 00:42:02 UTC</createdTime>
<generatorID>237F4621-9BA8-A0ED-1320-7285D3D35C04</generatorID>
<ownerDesignName>modeloDIM</ownerDesignName>
<allowColumnReorder>false</allowColumnReorder>
<existDependencyGenerateInDDl>true</existDependencyGenerateInDDl>
<parsed>true</parsed>
<columns itemClass="oracle.dbtools.crest.model.design.relational.Column">
<Column name="qt_fruta" id="1D9089BD-9DB5-8150-D8E9-EAAAA385B663">
<createdBy>caio_semantix</createdBy>
<createdTime>2018-09-12 00:42:02 UTC</createdTime>
<generatorID>2BDD14ED-D1A1-E852-8308-D2F7F4100776</generatorID>
<ownerDesignName>modeloDIM</ownerDesignName>
<use>0</use>
<ownDataTypeParameters>,,</ownDataTypeParameters>
<autoIncrementCycle>false</autoIncrementCycle>
</Column>
<Column name="vl_imc" id="E2FB0F58-F619-AB1B-2BC3-206FB7C42997">
<createdBy>caio_semantix</createdBy>
<createdTime>2018-09-12 00:42:02 UTC</createdTime>
<generatorID>9095A093-26B0-2FD0-23AA-4452DA6C3472</generatorID>
<ownerDesignName>modeloDIM</ownerDesignName>
<use>0</use>
<ownDataTypeParameters>,,</ownDataTypeParameters>
<autoIncrementCycle>false</autoIncrementCycle>
</Column>
<Column name="DIM_FRUTAS_sk_fruta" id="07A26858-6C25-C027-BFA4-F5AA964F399C">
<createdBy>caio_semantix</createdBy>
<createdTime>2018-09-12 00:42:02 UTC</createdTime>
<generatorID>4D87258E-7713-4F59-AE2F-C7A86C235CD5</generatorID>
<ownerDesignName>modeloDIM</ownerDesignName>
<use>0</use>
<ownDataTypeParameters>,,</ownDataTypeParameters>
<previousColumn>false</previousColumn>
<autoIncrementCycle>false</autoIncrementCycle>
<associations>
<colAssociation fkAssociation="5CA2B665-B2FC-6A95-5F13-8EAFCE0B3B4C" referredColumn="973AFC18-3783-2AEF-73CE-E0B82AFC610A"/>
</associations>
</Column>
<Column name="DIM_PESSOA_sk_pessoa" id="47E6D597-6F01-0BE3-D8D6-E81F14E85360">
<createdBy>caio_semantix</createdBy>
<createdTime>2018-09-12 00:42:02 UTC</createdTime>
<generatorID>5D54C58F-8465-A290-28CA-FAD3C584F2A6</generatorID>
<ownerDesignName>modeloDIM</ownerDesignName>
<use>0</use>
<ownDataTypeParameters>,,</ownDataTypeParameters>
<previousColumn>false</previousColumn>
<autoIncrementCycle>false</autoIncrementCycle>
<associations>
<colAssociation fkAssociation="D35DF9FB-27F1-1461-BA5A-9A8A54EB5BFC" referredColumn="CA8A22C2-F018-4579-B139-C8B990CA2A4A"/>
</associations>
</Column>
<Column name="DIM_ESTILO_USUARIO_sk_estilo_usuario" id="1B902A96-A9E9-9956-90D1-A988823F7AB5">
<createdBy>caio_semantix</createdBy>
<createdTime>2018-09-12 00:42:02 UTC</createdTime>
<generatorID>87744C7C-4DD6-7DE2-1905-73ACE6B96842</generatorID>
<ownerDesignName>modeloDIM</ownerDesignName>
<use>0</use>
<ownDataTypeParameters>,,</ownDataTypeParameters>
<previousColumn>false</previousColumn>
<autoIncrementCycle>false</autoIncrementCycle>
<associations>
<colAssociation fkAssociation="17D48C13-24F0-712F-58C5-D59647550A9A" referredColumn="985EF4F5-4BF7-8092-AFDE-065A01F6F836"/>
</associations>
</Column>
<Column name="DIM_TEMPO_sk_tempo" id="8F862F8C-EAE3-C340-0B43-29FB3F7B100C">
<createdBy>caio_semantix</createdBy>
<createdTime>2018-09-12 00:42:02 UTC</createdTime>
<generatorID>8372F563-2E48-FF72-5240-46D1D5062984</generatorID>
<ownerDesignName>modeloDIM</ownerDesignName>
<use>0</use>
<ownDataTypeParameters>,,</ownDataTypeParameters>
<previousColumn>false</previousColumn>
<autoIncrementCycle>false</autoIncrementCycle>
<associations>
<colAssociation fkAssociation="FF563FAE-120B-A578-B375-38DB19C3E4C0" referredColumn="E5E8D5BC-1544-25DB-2B98-BEA5C3096F3D"/>
</associations>
</Column>
<Column name="DIM_IMC_sk_imc" id="0DC79D33-8458-4C4D-80AC-F82257C4E7FF">
<createdBy>caio_semantix</createdBy>
<createdTime>2018-09-12 00:42:02 UTC</createdTime>
<generatorID>E40DD643-ACD3-DE50-CE41-B2CED5262E9F</generatorID>
<ownerDesignName>modeloDIM</ownerDesignName>
<use>0</use>
<ownDataTypeParameters>,,</ownDataTypeParameters>
<previousColumn>false</previousColumn>
<autoIncrementCycle>false</autoIncrementCycle>
<associations>
<colAssociation fkAssociation="1320EFA8-CF2C-E72C-500C-C2A3F54906F7" referredColumn="4C83BB7A-2DC0-7C05-7E68-DD2B14550734"/>
</associations>
</Column>
<Column name="DIM_FAIXA_ETARIA_sk_faiza_etaria" id="03A4A770-F969-BA12-5788-975AF5A68832">
<createdBy>caio_semantix</createdBy>
<createdTime>2018-09-12 00:42:02 UTC</createdTime>
<generatorID>2BD40E08-2E6D-7A31-A5E1-9523EF5BA2A1</generatorID>
<ownerDesignName>modeloDIM</ownerDesignName>
<use>0</use>
<ownDataTypeParameters>,,</ownDataTypeParameters>
<previousColumn>false</previousColumn>
<autoIncrementCycle>false</autoIncrementCycle>
<associations>
<colAssociation fkAssociation="8D617DA4-439D-0AFA-5BE4-236917A1929C" referredColumn="3CD849F0-6277-0429-1DC6-BD84CDAEA34D"/>
</associations>
</Column>
</columns>
<indexes itemClass="oracle.dbtools.crest.model.design.relational.Index">
<ind_PK_UK id="4D3AB98D-183E-4218-973F-A738A92CC9FD" name="FTO_CONTROLE_FRUTA_DIM_FRUTAS_FK">
<createdBy>caio_semantix</createdBy>
<createdTime>2018-09-12 00:42:02 UTC</createdTime>
<generatorID>4D55A90E-844B-5466-EC9B-4B81CCF22B6B</generatorID>
<ownerDesignName>modeloDIM</ownerDesignName>
<indexState>Foreign Key</indexState>
<isSurrogateKey>false</isSurrogateKey>
<indexColumnUsage>
<colUsage columnID="07A26858-6C25-C027-BFA4-F5AA964F399C"/>
</indexColumnUsage>
</ind_PK_UK>
<ind_PK_UK id="90BC0FB5-DB46-685D-F4ED-ACB89204F5AA" name="FTO_CONTROLE_FRUTA_DIM_PESSOA_FK">
<createdBy>caio_semantix</createdBy>
<createdTime>2018-09-12 00:42:02 UTC</createdTime>
<generatorID>1834F5D8-7B59-4A28-BBE7-61C2884E4CDB</generatorID>
<ownerDesignName>modeloDIM</ownerDesignName>
<indexState>Foreign Key</indexState>
<isSurrogateKey>false</isSurrogateKey>
<indexColumnUsage>
<colUsage columnID="47E6D597-6F01-0BE3-D8D6-E81F14E85360"/>
</indexColumnUsage>
</ind_PK_UK>
<ind_PK_UK id="F1E30876-FFA1-BF9F-27FB-DBF92C358D0C" name="FTO_CONTROLE_FRUTA_DIM_ESTILO_USUARIO_FK">
<createdBy>caio_semantix</createdBy>
<createdTime>2018-09-12 00:42:02 UTC</createdTime>
<generatorID>30B252C4-3478-8F45-3B09-EF622C2903E4</generatorID>
<ownerDesignName>modeloDIM</ownerDesignName>
<indexState>Foreign Key</indexState>
<isSurrogateKey>false</isSurrogateKey>
<indexColumnUsage>
<colUsage columnID="1B902A96-A9E9-9956-90D1-A988823F7AB5"/>
</indexColumnUsage>
</ind_PK_UK>
<ind_PK_UK id="E7965E7B-5116-362C-C531-0EF4076634E2" name="FTO_CONTROLE_FRUTA_DIM_TEMPO_FK">
<createdBy>caio_semantix</createdBy>
<createdTime>2018-09-12 00:42:02 UTC</createdTime>
<generatorID>5221FC68-D9F9-D981-EA4C-85B6BBE75762</generatorID>
<ownerDesignName>modeloDIM</ownerDesignName>
<indexState>Foreign Key</indexState>
<isSurrogateKey>false</isSurrogateKey>
<indexColumnUsage>
<colUsage columnID="8F862F8C-EAE3-C340-0B43-29FB3F7B100C"/>
</indexColumnUsage>
</ind_PK_UK>
<ind_PK_UK id="63777A08-557D-6347-A18B-274E8DBE17DC" name="FTO_CONTROLE_FRUTA_DIM_IMC_FK">
<createdBy>caio_semantix</createdBy>
<createdTime>2018-09-12 00:42:02 UTC</createdTime>
<generatorID>6CEA8E47-A45F-4508-B110-C6406E5ACBB2</generatorID>
<ownerDesignName>modeloDIM</ownerDesignName>
<indexState>Foreign Key</indexState>
<isSurrogateKey>false</isSurrogateKey>
<indexColumnUsage>
<colUsage columnID="0DC79D33-8458-4C4D-80AC-F82257C4E7FF"/>
</indexColumnUsage>
</ind_PK_UK>
<ind_PK_UK id="888EA6FC-AD26-557A-80E9-2B0C07B87C44" name="FTO_CONTROLE_FRUTA_DIM_FAIXA_ETARIA_FK">
<createdBy>caio_semantix</createdBy>
<createdTime>2018-09-12 00:42:02 UTC</createdTime>
<generatorID>A2E76F37-486A-F9AE-A29A-E792E6E03CF0</generatorID>
<ownerDesignName>modeloDIM</ownerDesignName>
<indexState>Foreign Key</indexState>
<isSurrogateKey>false</isSurrogateKey>
<indexColumnUsage>
<colUsage columnID="03A4A770-F969-BA12-5788-975AF5A68832"/>
</indexColumnUsage>
</ind_PK_UK>
</indexes>
</Table>