<?xml version = '1.0' encoding = 'UTF-8'?>
<Table class="oracle.dbtools.crest.model.design.relational.Table" directorySegmentName="seg_0" id="B7ACE445-9766-9EAC-CFD0-8EDBD50696A0" name="DIM_PESSOA">
<createdBy>caio_semantix</createdBy>
<createdTime>2018-09-12 00:42:02 UTC</createdTime>
<generatorID>E757D50D-C859-8313-BA82-34C88837D983</generatorID>
<ownerDesignName>modeloDIM</ownerDesignName>
<allowColumnReorder>false</allowColumnReorder>
<existDependencyGenerateInDDl>true</existDependencyGenerateInDDl>
<parsed>true</parsed>
<columns itemClass="oracle.dbtools.crest.model.design.relational.Column">
<Column name="sk_pessoa" id="CA8A22C2-F018-4579-B139-C8B990CA2A4A">
<createdBy>caio_semantix</createdBy>
<createdTime>2018-09-12 00:42:02 UTC</createdTime>
<generatorID>A750791C-9F2F-6211-58D3-FE34AFEAE6C4</generatorID>
<ownerDesignName>modeloDIM</ownerDesignName>
<use>0</use>
<ownDataTypeParameters>,,</ownDataTypeParameters>
<autoIncrementCycle>false</autoIncrementCycle>
</Column>
<Column name="id_pessoa" id="6BF2B139-916B-FBEB-3BAD-A4BAD23035CF">
<createdBy>caio_semantix</createdBy>
<createdTime>2018-09-12 00:42:02 UTC</createdTime>
<generatorID>763D723D-072B-F345-BAC5-81C96640AB0E</generatorID>
<ownerDesignName>modeloDIM</ownerDesignName>
<nullsAllowed>true</nullsAllowed>
<use>0</use>
<ownDataTypeParameters>,,</ownDataTypeParameters>
<autoIncrementCycle>false</autoIncrementCycle>
</Column>
<Column name="nm_pessoa" id="026F9071-5E0F-E094-86C3-A91A526928D0">
<createdBy>caio_semantix</createdBy>
<createdTime>2018-09-12 00:42:02 UTC</createdTime>
<generatorID>5C4D9B60-C370-1CD1-CEEE-B1CDBCC2DE7A</generatorID>
<ownerDesignName>modeloDIM</ownerDesignName>
<nullsAllowed>true</nullsAllowed>
<use>0</use>
<ownDataTypeParameters>,,</ownDataTypeParameters>
<autoIncrementCycle>false</autoIncrementCycle>
</Column>
<Column name="nr_dia_nasc" id="AC680B16-7559-9F2F-2BCB-01D24E6E76B3">
<createdBy>caio_semantix</createdBy>
<createdTime>2018-09-12 00:42:02 UTC</createdTime>
<generatorID>ED6282A1-29C9-571F-9884-2972010547F5</generatorID>
<ownerDesignName>modeloDIM</ownerDesignName>
<nullsAllowed>true</nullsAllowed>
<use>0</use>
<ownDataTypeParameters>,,</ownDataTypeParameters>
<autoIncrementCycle>false</autoIncrementCycle>
</Column>
<Column name="nr_mes_nasc" id="C024B2EB-506C-968F-619C-AE18A3D70FA7">
<createdBy>caio_semantix</createdBy>
<createdTime>2018-09-12 00:42:02 UTC</createdTime>
<generatorID>F841F69D-927A-2231-7979-870A08C53D7C</generatorID>
<ownerDesignName>modeloDIM</ownerDesignName>
<nullsAllowed>true</nullsAllowed>
<use>0</use>
<ownDataTypeParameters>,,</ownDataTypeParameters>
<autoIncrementCycle>false</autoIncrementCycle>
</Column>
<Column name="nr_ano_nasc" id="810D6F38-24F5-B43D-DFBE-1450A40DCB70">
<createdBy>caio_semantix</createdBy>
<createdTime>2018-09-12 00:42:02 UTC</createdTime>
<generatorID>67951F16-B35F-614B-73B8-A45D32C5DB1E</generatorID>
<ownerDesignName>modeloDIM</ownerDesignName>
<nullsAllowed>true</nullsAllowed>
<use>0</use>
<ownDataTypeParameters>,,</ownDataTypeParameters>
<autoIncrementCycle>false</autoIncrementCycle>
</Column>
<Column name="nr_dia_cadastro" id="28F3C79B-3058-6156-0C78-6C0ECC709171">
<createdBy>caio_semantix</createdBy>
<createdTime>2018-09-12 00:42:02 UTC</createdTime>
<generatorID>B274B35A-34E1-344F-9A2D-987094708B46</generatorID>
<ownerDesignName>modeloDIM</ownerDesignName>
<nullsAllowed>true</nullsAllowed>
<use>0</use>
<ownDataTypeParameters>,,</ownDataTypeParameters>
<autoIncrementCycle>false</autoIncrementCycle>
</Column>
<Column name="nr_mes_cadastro" id="EE8A6D4F-2901-8E69-1363-502CC32141EE">
<createdBy>caio_semantix</createdBy>
<createdTime>2018-09-12 00:42:02 UTC</createdTime>
<generatorID>05B2B884-D105-876E-973D-2C73AE6FE6D9</generatorID>
<ownerDesignName>modeloDIM</ownerDesignName>
<nullsAllowed>true</nullsAllowed>
<use>0</use>
<ownDataTypeParameters>,,</ownDataTypeParameters>
<autoIncrementCycle>false</autoIncrementCycle>
</Column>
<Column name="nr_ano_cadastro" id="7EE28ECC-F642-40AC-D9F7-6469CC8C317E">
<createdBy>caio_semantix</createdBy>
<createdTime>2018-09-12 00:42:02 UTC</createdTime>
<generatorID>67A330A6-3160-F60A-2B98-BE9A35FA2213</generatorID>
<ownerDesignName>modeloDIM</ownerDesignName>
<nullsAllowed>true</nullsAllowed>
<use>0</use>
<ownDataTypeParameters>,,</ownDataTypeParameters>
<autoIncrementCycle>false</autoIncrementCycle>
</Column>
<Column name="nm_sexo" id="6F8BF75F-BEAC-DBE3-AA9C-B19AAF7FFC90">
<createdBy>caio_semantix</createdBy>
<createdTime>2018-09-12 00:42:02 UTC</createdTime>
<generatorID>7FE6CD81-87A3-77BF-D0BA-B1CC26018705</generatorID>
<ownerDesignName>modeloDIM</ownerDesignName>
<nullsAllowed>true</nullsAllowed>
<use>0</use>
<ownDataTypeParameters>,,</ownDataTypeParameters>
<autoIncrementCycle>false</autoIncrementCycle>
</Column>
<Column name="nr_altura" id="8350CC2F-4ACC-63A7-B7F4-06AA49D2C1D2">
<createdBy>caio_semantix</createdBy>
<createdTime>2018-09-12 00:42:02 UTC</createdTime>
<generatorID>195A47C6-0E1B-8C8D-D471-9D8FAFCCFDCA</generatorID>
<ownerDesignName>modeloDIM</ownerDesignName>
<nullsAllowed>true</nullsAllowed>
<use>0</use>
<ownDataTypeParameters>,,</ownDataTypeParameters>
<autoIncrementCycle>false</autoIncrementCycle>
</Column>
<Column name="nr_peso" id="54B6A2D8-5A09-4388-4628-24A51668D19D">
<createdBy>caio_semantix</createdBy>
<createdTime>2018-09-12 00:42:02 UTC</createdTime>
<generatorID>ED10393B-97C7-E785-95A7-24C493E8D2E4</generatorID>
<ownerDesignName>modeloDIM</ownerDesignName>
<nullsAllowed>true</nullsAllowed>
<use>0</use>
<ownDataTypeParameters>,,</ownDataTypeParameters>
<autoIncrementCycle>false</autoIncrementCycle>
</Column>
</columns>
<indexes itemClass="oracle.dbtools.crest.model.design.relational.Index">
<ind_PK_UK id="44A5F483-DEA9-86AC-804D-3F09D07D3916" name="DIM_PESSOA_PK">
<createdBy>caio_semantix</createdBy>
<createdTime>2018-09-12 00:42:02 UTC</createdTime>
<generatorID>379070E4-BF4F-0F8B-6E24-F52F82FD0F80</generatorID>
<ownerDesignName>modeloDIM</ownerDesignName>
<pk>true</pk>
<indexState>Primary Constraint</indexState>
<isSurrogateKey>false</isSurrogateKey>
<indexColumnUsage>
<colUsage columnID="CA8A22C2-F018-4579-B139-C8B990CA2A4A"/>
</indexColumnUsage>
</ind_PK_UK>
</indexes>
</Table>