<?xml version = '1.0' encoding = 'UTF-8'?>
<Table class="oracle.dbtools.crest.model.design.relational.Table" directorySegmentName="seg_0" id="BA017528-DEAB-77F9-B8DB-AEABFB57CA0B" name="DIM_FAIXA_ETARIA">
<createdBy>caio_semantix</createdBy>
<createdTime>2018-09-12 00:42:02 UTC</createdTime>
<generatorID>056C2FCA-53BF-2B96-DD14-4316611A7419</generatorID>
<ownerDesignName>modeloDIM</ownerDesignName>
<allowColumnReorder>false</allowColumnReorder>
<existDependencyGenerateInDDl>true</existDependencyGenerateInDDl>
<parsed>true</parsed>
<columns itemClass="oracle.dbtools.crest.model.design.relational.Column">
<Column name="sk_faiza_etaria" id="3CD849F0-6277-0429-1DC6-BD84CDAEA34D">
<createdBy>caio_semantix</createdBy>
<createdTime>2018-09-12 00:42:02 UTC</createdTime>
<generatorID>6BEF7969-651B-8431-8738-3DD8D630BF99</generatorID>
<ownerDesignName>modeloDIM</ownerDesignName>
<use>0</use>
<ownDataTypeParameters>,,</ownDataTypeParameters>
<autoIncrementCycle>false</autoIncrementCycle>
</Column>
<Column name="nr_idade_inicial" id="338BD048-C243-7327-5C49-9084C410A8F3">
<createdBy>caio_semantix</createdBy>
<createdTime>2018-09-12 00:42:02 UTC</createdTime>
<generatorID>EFBE76E9-147D-ACEB-6114-E580D371B83F</generatorID>
<ownerDesignName>modeloDIM</ownerDesignName>
<use>0</use>
<ownDataTypeParameters>,,</ownDataTypeParameters>
<autoIncrementCycle>false</autoIncrementCycle>
</Column>
<Column name="nr_idade_final" id="F744F7F3-87E8-5BCC-2B56-766EC4877947">
<createdBy>caio_semantix</createdBy>
<createdTime>2018-09-12 00:42:02 UTC</createdTime>
<generatorID>751B9BDF-D397-9531-2A26-E4AA14C99FE9</generatorID>
<ownerDesignName>modeloDIM</ownerDesignName>
<use>0</use>
<ownDataTypeParameters>,,</ownDataTypeParameters>
<autoIncrementCycle>false</autoIncrementCycle>
</Column>
<Column name="nm_faixa_etaria" id="99699D88-697D-5D8F-2F7E-BE35DD225726">
<createdBy>caio_semantix</createdBy>
<createdTime>2018-09-12 00:42:02 UTC</createdTime>
<generatorID>45C00223-EA6E-244E-05EC-48D2CA8FA539</generatorID>
<ownerDesignName>modeloDIM</ownerDesignName>
<use>0</use>
<ownDataTypeParameters>,,</ownDataTypeParameters>
<autoIncrementCycle>false</autoIncrementCycle>
</Column>
</columns>
<indexes itemClass="oracle.dbtools.crest.model.design.relational.Index">
<ind_PK_UK id="F4E194A6-F4E2-A69D-6A23-8B6E24C0F46B" name="DIM_FAIXA_ETARIA_PK">
<createdBy>caio_semantix</createdBy>
<createdTime>2018-09-12 00:42:02 UTC</createdTime>
<generatorID>DA6DC9A9-A44B-7BA7-CB45-7FCD1C6CFFCD</generatorID>
<ownerDesignName>modeloDIM</ownerDesignName>
<pk>true</pk>
<indexState>Primary Constraint</indexState>
<isSurrogateKey>false</isSurrogateKey>
<indexColumnUsage>
<colUsage columnID="3CD849F0-6277-0429-1DC6-BD84CDAEA34D"/>
</indexColumnUsage>
</ind_PK_UK>
</indexes>
</Table>