<?xml version = '1.0' encoding = 'UTF-8'?>
<Table class="oracle.dbtools.crest.model.design.relational.Table" directorySegmentName="seg_0" id="D4EBA52A-3C49-1FFF-AEBF-07994D1FAF85" name="DIM_ESTILO_USUARIO">
<createdBy>caio_semantix</createdBy>
<createdTime>2018-09-12 00:42:02 UTC</createdTime>
<generatorID>0FE444C8-E9FA-BC0F-0644-E1FC958111D2</generatorID>
<ownerDesignName>modeloDIM</ownerDesignName>
<allowColumnReorder>false</allowColumnReorder>
<existDependencyGenerateInDDl>true</existDependencyGenerateInDDl>
<parsed>true</parsed>
<columns itemClass="oracle.dbtools.crest.model.design.relational.Column">
<Column name="sk_estilo_usuario" id="985EF4F5-4BF7-8092-AFDE-065A01F6F836">
<createdBy>caio_semantix</createdBy>
<createdTime>2018-09-12 00:42:02 UTC</createdTime>
<generatorID>8230CEB7-BC53-9B5A-D982-78A8F73F930F</generatorID>
<ownerDesignName>modeloDIM</ownerDesignName>
<use>0</use>
<ownDataTypeParameters>,,</ownDataTypeParameters>
<autoIncrementCycle>false</autoIncrementCycle>
</Column>
<Column name="nm_estilo_usuario" id="5264DE33-2643-D23D-2D2B-E9B49819BF25">
<createdBy>caio_semantix</createdBy>
<createdTime>2018-09-12 00:42:02 UTC</createdTime>
<generatorID>FC15D3AC-48B4-10CF-8C07-153823AC4F79</generatorID>
<ownerDesignName>modeloDIM</ownerDesignName>
<use>0</use>
<ownDataTypeParameters>,,</ownDataTypeParameters>
<autoIncrementCycle>false</autoIncrementCycle>
</Column>
</columns>
<indexes itemClass="oracle.dbtools.crest.model.design.relational.Index">
<ind_PK_UK id="588B5D0E-FA57-4CA5-0CE9-7359A5C48EEB" name="DIM_ESTILO_USUARIO_PK">
<createdBy>caio_semantix</createdBy>
<createdTime>2018-09-12 00:42:02 UTC</createdTime>
<generatorID>614BB462-9B09-0FC4-E9E6-75423A31D53E</generatorID>
<ownerDesignName>modeloDIM</ownerDesignName>
<pk>true</pk>
<indexState>Primary Constraint</indexState>
<isSurrogateKey>false</isSurrogateKey>
<indexColumnUsage>
<colUsage columnID="985EF4F5-4BF7-8092-AFDE-065A01F6F836"/>
</indexColumnUsage>
</ind_PK_UK>
</indexes>
</Table>