<?xml version = '1.0' encoding = 'UTF-8'?>
<FKIndexAssociation class="oracle.dbtools.crest.model.design.relational.FKIndexAssociation" directorySegmentName="seg_0" id="1320EFA8-CF2C-E72C-500C-C2A3F54906F7" containerWithKeyObject="5B5FC1A3-732F-E739-BCB3-651AC748D99A" localFKIndex="63777A08-557D-6347-A18B-274E8DBE17DC" name="FTO_CONTROLE_FRUTA_DIM_IMC_FK">
<createdBy>caio_semantix</createdBy>
<createdTime>2018-09-12 00:42:02 UTC</createdTime>
<generatorID>6CEA8E47-A45F-4508-B110-C6406E5ACBB2</generatorID>
<ownerDesignName>modeloDIM</ownerDesignName>
<referredTableLongName>DIM_IMC</referredTableLongName>
<deleteRule>NO ACTION</deleteRule>
<referredTableID>24616C22-774C-F21D-5C3B-FD8049EF6BF8</referredTableID>
<keyObject>EF338388-9D22-F856-263F-2693194953F5</keyObject>
<referredKeyID>EF338388-9D22-F856-263F-2693194953F5</referredKeyID>
<mandatory>true</mandatory>
<refColNames>sk_imc</refColNames>
<transferable>true</transferable>
<rely>false</rely>
<columnDependencyConstraintGenerateInDDL>true</columnDependencyConstraintGenerateInDDL>
</FKIndexAssociation>