<?xml version = '1.0' encoding = 'UTF-8'?>
<FKIndexAssociation class="oracle.dbtools.crest.model.design.relational.FKIndexAssociation" directorySegmentName="seg_0" id="17D48C13-24F0-712F-58C5-D59647550A9A" containerWithKeyObject="5B5FC1A3-732F-E739-BCB3-651AC748D99A" localFKIndex="F1E30876-FFA1-BF9F-27FB-DBF92C358D0C" name="FTO_CONTROLE_FRUTA_DIM_ESTILO_USUARIO_FK">
<createdBy>caio_semantix</createdBy>
<createdTime>2018-09-12 00:42:02 UTC</createdTime>
<generatorID>30B252C4-3478-8F45-3B09-EF622C2903E4</generatorID>
<ownerDesignName>modeloDIM</ownerDesignName>
<referredTableLongName>DIM_ESTILO_USUARIO</referredTableLongName>
<deleteRule>NO ACTION</deleteRule>
<referredTableID>D4EBA52A-3C49-1FFF-AEBF-07994D1FAF85</referredTableID>
<keyObject>588B5D0E-FA57-4CA5-0CE9-7359A5C48EEB</keyObject>
<referredKeyID>588B5D0E-FA57-4CA5-0CE9-7359A5C48EEB</referredKeyID>
<mandatory>true</mandatory>
<refColNames>sk_estilo_usuario</refColNames>
<transferable>true</transferable>
<rely>false</rely>
<columnDependencyConstraintGenerateInDDL>true</columnDependencyConstraintGenerateInDDL>
</FKIndexAssociation>