<?xml version = '1.0' encoding = 'UTF-8'?>
<FKIndexAssociation class="oracle.dbtools.crest.model.design.relational.FKIndexAssociation" directorySegmentName="seg_0" id="5CA2B665-B2FC-6A95-5F13-8EAFCE0B3B4C" containerWithKeyObject="5B5FC1A3-732F-E739-BCB3-651AC748D99A" localFKIndex="4D3AB98D-183E-4218-973F-A738A92CC9FD" name="FTO_CONTROLE_FRUTA_DIM_FRUTAS_FK">
<createdBy>caio_semantix</createdBy>
<createdTime>2018-09-12 00:42:02 UTC</createdTime>
<generatorID>4D55A90E-844B-5466-EC9B-4B81CCF22B6B</generatorID>
<ownerDesignName>modeloDIM</ownerDesignName>
<referredTableLongName>DIM_FRUTAS</referredTableLongName>
<deleteRule>NO ACTION</deleteRule>
<referredTableID>1DBD1AFE-B412-257F-BFA1-28EB9C5BE237</referredTableID>
<keyObject>6D9DF6EC-F8A7-1A4A-2A59-B0F0AF910C2B</keyObject>
<referredKeyID>6D9DF6EC-F8A7-1A4A-2A59-B0F0AF910C2B</referredKeyID>
<mandatory>true</mandatory>
<refColNames>sk_fruta</refColNames>
<transferable>true</transferable>
<rely>false</rely>
<columnDependencyConstraintGenerateInDDL>true</columnDependencyConstraintGenerateInDDL>
</FKIndexAssociation>