<?xml version = '1.0' encoding = 'UTF-8'?>
<FKIndexAssociation class="oracle.dbtools.crest.model.design.relational.FKIndexAssociation" directorySegmentName="seg_0" id="70FF7F4D-07E4-9ECA-057F-168CA8198E43" containerWithKeyObject="025BE5D4-D5A4-B25A-2D72-8E3E1AF54000" localFKIndex="43EA53ED-9182-13EF-4675-C2A5813FF203" name="FTO_CONTROLE_AGUA_DIM_FAIXA_ETARIA_FK">
<createdBy>caio_semantix</createdBy>
<createdTime>2018-09-12 00:42:02 UTC</createdTime>
<generatorID>1A175ECC-7828-639E-E7E2-9850D8D95D5F</generatorID>
<ownerDesignName>modeloDIM</ownerDesignName>
<referredTableLongName>DIM_FAIXA_ETARIA</referredTableLongName>
<deleteRule>NO ACTION</deleteRule>
<referredTableID>BA017528-DEAB-77F9-B8DB-AEABFB57CA0B</referredTableID>
<keyObject>F4E194A6-F4E2-A69D-6A23-8B6E24C0F46B</keyObject>
<referredKeyID>F4E194A6-F4E2-A69D-6A23-8B6E24C0F46B</referredKeyID>
<mandatory>true</mandatory>
<refColNames>sk_faiza_etaria</refColNames>
<transferable>true</transferable>
<rely>false</rely>
<columnDependencyConstraintGenerateInDDL>true</columnDependencyConstraintGenerateInDDL>
</FKIndexAssociation>