<?xml version = '1.0' encoding = 'UTF-8'?>
<FKIndexAssociation class="oracle.dbtools.crest.model.design.relational.FKIndexAssociation" directorySegmentName="seg_0" id="8D617DA4-439D-0AFA-5BE4-236917A1929C" containerWithKeyObject="5B5FC1A3-732F-E739-BCB3-651AC748D99A" localFKIndex="888EA6FC-AD26-557A-80E9-2B0C07B87C44" name="FTO_CONTROLE_FRUTA_DIM_FAIXA_ETARIA_FK">
<createdBy>caio_semantix</createdBy>
<createdTime>2018-09-12 00:42:02 UTC</createdTime>
<generatorID>A2E76F37-486A-F9AE-A29A-E792E6E03CF0</generatorID>
<ownerDesignName>modeloDIM</ownerDesignName>
<referredTableLongName>DIM_FAIXA_ETARIA</referredTableLongName>
<deleteRule>NO ACTION</deleteRule>
<referredTableID>BA017528-DEAB-77F9-B8DB-AEABFB57CA0B</referredTableID>
<keyObject>F4E194A6-F4E2-A69D-6A23-8B6E24C0F46B</keyObject>
<referredKeyID>F4E194A6-F4E2-A69D-6A23-8B6E24C0F46B</referredKeyID>
<mandatory>true</mandatory>
<refColNames>sk_faiza_etaria</refColNames>
<transferable>true</transferable>
<rely>false</rely>
<columnDependencyConstraintGenerateInDDL>true</columnDependencyConstraintGenerateInDDL>
</FKIndexAssociation>