<?xml version = '1.0' encoding = 'UTF-8'?>
<FKIndexAssociation class="oracle.dbtools.crest.model.design.relational.FKIndexAssociation" directorySegmentName="seg_0" id="9C6DA87B-CE07-2C04-4E59-023F4E6C4C7F" containerWithKeyObject="025BE5D4-D5A4-B25A-2D72-8E3E1AF54000" localFKIndex="D0695566-AD76-264D-05B9-CFC2CBA90445" name="FTO_CONTROLE_AGUA_DIM_ESTILO_USUARIO_FK">
<createdBy>caio_semantix</createdBy>
<createdTime>2018-09-12 00:42:02 UTC</createdTime>
<generatorID>ACF2D212-1BD6-EA76-A775-A87DC7AB5B7A</generatorID>
<ownerDesignName>modeloDIM</ownerDesignName>
<referredTableLongName>DIM_ESTILO_USUARIO</referredTableLongName>
<deleteRule>NO ACTION</deleteRule>
<referredTableID>D4EBA52A-3C49-1FFF-AEBF-07994D1FAF85</referredTableID>
<keyObject>588B5D0E-FA57-4CA5-0CE9-7359A5C48EEB</keyObject>
<referredKeyID>588B5D0E-FA57-4CA5-0CE9-7359A5C48EEB</referredKeyID>
<mandatory>true</mandatory>
<refColNames>sk_estilo_usuario</refColNames>
<transferable>true</transferable>
<rely>false</rely>
<columnDependencyConstraintGenerateInDDL>true</columnDependencyConstraintGenerateInDDL>
</FKIndexAssociation>