<?xml version = '1.0' encoding = 'UTF-8'?>
<FKIndexAssociation class="oracle.dbtools.crest.model.design.relational.FKIndexAssociation" directorySegmentName="seg_0" id="A882F0E3-3CDD-B812-A45C-B626E4472E22" containerWithKeyObject="025BE5D4-D5A4-B25A-2D72-8E3E1AF54000" localFKIndex="A3681D94-E375-7196-62CA-512CB4AA12B2" name="FTO_CONTROLE_AGUA_DIM_TEMPO_FK">
<createdBy>caio_semantix</createdBy>
<createdTime>2018-09-12 00:42:02 UTC</createdTime>
<generatorID>CBC5B05C-114D-2FE0-2C0A-95616228061F</generatorID>
<ownerDesignName>modeloDIM</ownerDesignName>
<referredTableLongName>DIM_TEMPO</referredTableLongName>
<deleteRule>NO ACTION</deleteRule>
<referredTableID>05557322-8CA3-61DF-C8AD-B1893BA30D6E</referredTableID>
<keyObject>62C7CB7C-4ADF-668A-E556-480DB8D51AAB</keyObject>
<referredKeyID>62C7CB7C-4ADF-668A-E556-480DB8D51AAB</referredKeyID>
<mandatory>true</mandatory>
<refColNames>sk_tempo</refColNames>
<transferable>true</transferable>
<rely>false</rely>
<columnDependencyConstraintGenerateInDDL>true</columnDependencyConstraintGenerateInDDL>
</FKIndexAssociation>