<?xml version = '1.0' encoding = 'UTF-8'?>
<FKIndexAssociation class="oracle.dbtools.crest.model.design.relational.FKIndexAssociation" directorySegmentName="seg_0" id="B057586C-BF2C-82FB-47B2-E58D173D8B91" containerWithKeyObject="025BE5D4-D5A4-B25A-2D72-8E3E1AF54000" localFKIndex="6C6EC25E-1B85-1F77-D465-250C9ACE0374" name="FTO_CONTROLE_AGUA_DIM_PESSOA_FK">
<createdBy>caio_semantix</createdBy>
<createdTime>2018-09-12 00:42:02 UTC</createdTime>
<generatorID>A480C4D9-1FB1-8F62-666F-2098228A3F10</generatorID>
<ownerDesignName>modeloDIM</ownerDesignName>
<referredTableLongName>DIM_PESSOA</referredTableLongName>
<deleteRule>NO ACTION</deleteRule>
<referredTableID>B7ACE445-9766-9EAC-CFD0-8EDBD50696A0</referredTableID>
<keyObject>44A5F483-DEA9-86AC-804D-3F09D07D3916</keyObject>
<referredKeyID>44A5F483-DEA9-86AC-804D-3F09D07D3916</referredKeyID>
<mandatory>true</mandatory>
<refColNames>sk_pessoa</refColNames>
<transferable>true</transferable>
<rely>false</rely>
<columnDependencyConstraintGenerateInDDL>true</columnDependencyConstraintGenerateInDDL>
</FKIndexAssociation>