<?xml version = '1.0' encoding = 'UTF-8'?>
<FKIndexAssociation class="oracle.dbtools.crest.model.design.relational.FKIndexAssociation" directorySegmentName="seg_0" id="B85C81AA-46B6-5FF4-9CBE-CC815C534135" containerWithKeyObject="025BE5D4-D5A4-B25A-2D72-8E3E1AF54000" localFKIndex="99A3ADBE-D7FD-3F5D-3476-B0526C59BBBA" name="FTO_CONTROLE_AGUA_DIM_IMC_FK">
<createdBy>caio_semantix</createdBy>
<createdTime>2018-09-12 00:42:02 UTC</createdTime>
<generatorID>BFE4EBB9-2FA8-DDD1-F57B-D322C00EA7BF</generatorID>
<ownerDesignName>modeloDIM</ownerDesignName>
<referredTableLongName>DIM_IMC</referredTableLongName>
<deleteRule>NO ACTION</deleteRule>
<referredTableID>24616C22-774C-F21D-5C3B-FD8049EF6BF8</referredTableID>
<keyObject>EF338388-9D22-F856-263F-2693194953F5</keyObject>
<referredKeyID>EF338388-9D22-F856-263F-2693194953F5</referredKeyID>
<mandatory>true</mandatory>
<refColNames>sk_imc</refColNames>
<transferable>true</transferable>
<rely>false</rely>
<columnDependencyConstraintGenerateInDDL>true</columnDependencyConstraintGenerateInDDL>
</FKIndexAssociation>