<?xml version = '1.0' encoding = 'UTF-8'?>
<FKIndexAssociation class="oracle.dbtools.crest.model.design.relational.FKIndexAssociation" directorySegmentName="seg_0" id="D35DF9FB-27F1-1461-BA5A-9A8A54EB5BFC" containerWithKeyObject="5B5FC1A3-732F-E739-BCB3-651AC748D99A" localFKIndex="90BC0FB5-DB46-685D-F4ED-ACB89204F5AA" name="FTO_CONTROLE_FRUTA_DIM_PESSOA_FK">
<createdBy>caio_semantix</createdBy>
<createdTime>2018-09-12 00:42:02 UTC</createdTime>
<generatorID>1834F5D8-7B59-4A28-BBE7-61C2884E4CDB</generatorID>
<ownerDesignName>modeloDIM</ownerDesignName>
<referredTableLongName>DIM_PESSOA</referredTableLongName>
<deleteRule>NO ACTION</deleteRule>
<referredTableID>B7ACE445-9766-9EAC-CFD0-8EDBD50696A0</referredTableID>
<keyObject>44A5F483-DEA9-86AC-804D-3F09D07D3916</keyObject>
<referredKeyID>44A5F483-DEA9-86AC-804D-3F09D07D3916</referredKeyID>
<mandatory>true</mandatory>
<refColNames>sk_pessoa</refColNames>
<transferable>true</transferable>
<rely>false</rely>
<columnDependencyConstraintGenerateInDDL>true</columnDependencyConstraintGenerateInDDL>
</FKIndexAssociation>