<?xml version = '1.0' encoding = 'UTF-8'?>
<FKIndexAssociation class="oracle.dbtools.crest.model.design.relational.FKIndexAssociation" directorySegmentName="seg_0" id="FF563FAE-120B-A578-B375-38DB19C3E4C0" containerWithKeyObject="5B5FC1A3-732F-E739-BCB3-651AC748D99A" localFKIndex="E7965E7B-5116-362C-C531-0EF4076634E2" name="FTO_CONTROLE_FRUTA_DIM_TEMPO_FK">
<createdBy>caio_semantix</createdBy>
<createdTime>2018-09-12 00:42:02 UTC</createdTime>
<generatorID>5221FC68-D9F9-D981-EA4C-85B6BBE75762</generatorID>
<ownerDesignName>modeloDIM</ownerDesignName>
<referredTableLongName>DIM_TEMPO</referredTableLongName>
<deleteRule>NO ACTION</deleteRule>
<referredTableID>05557322-8CA3-61DF-C8AD-B1893BA30D6E</referredTableID>
<keyObject>62C7CB7C-4ADF-668A-E556-480DB8D51AAB</keyObject>
<referredKeyID>62C7CB7C-4ADF-668A-E556-480DB8D51AAB</referredKeyID>
<mandatory>true</mandatory>
<refColNames>sk_tempo</refColNames>
<transferable>true</transferable>
<rely>false</rely>
<columnDependencyConstraintGenerateInDDL>true</columnDependencyConstraintGenerateInDDL>
</FKIndexAssociation>