<?xml version = '1.0' encoding = 'UTF-8'?>
<Relation class="oracle.dbtools.crest.model.design.logical.Relation" name="Relation_11" directorySegmentName="seg_0" id="1834F5D8-7B59-4A28-BBE7-61C2884E4CDB">
<createdBy>caio_semantix</createdBy>
<createdTime>2018-09-11 23:49:44 UTC</createdTime>
<ownerDesignName>modeloDIM</ownerDesignName>
<engineerTo>
<item key="A72673BC-63E8-C983-8137-068CF531B801" value="true"/>
</engineerTo>
<sourcePk>379070E4-BF4F-0F8B-6E24-F52F82FD0F80</sourcePk>
<identifying>false</identifying>
<optionalSource>true</optionalSource>
<optionalTarget>false</optionalTarget>
<sourceCardinality>1</sourceCardinality>
<sourceEntity>E757D50D-C859-8313-BA82-34C88837D983</sourceEntity>
<targetCardinalityString>*</targetCardinalityString>
<targetEntity>237F4621-9BA8-A0ED-1320-7285D3D35C04</targetEntity>
<transferable>true</transferable>
<deleteRule>NO ACTION</deleteRule>
</Relation>