<?xml version = '1.0' encoding = 'UTF-8'?>
<Relation class="oracle.dbtools.crest.model.design.logical.Relation" name="Relation_13" directorySegmentName="seg_0" id="5221FC68-D9F9-D981-EA4C-85B6BBE75762">
<createdBy>caio_semantix</createdBy>
<createdTime>2018-09-11 23:49:58 UTC</createdTime>
<ownerDesignName>modeloDIM</ownerDesignName>
<engineerTo>
<item key="A72673BC-63E8-C983-8137-068CF531B801" value="true"/>
</engineerTo>
<sourcePk>0C0D5738-2E7C-A8F3-559F-719DAA6FE2E6</sourcePk>
<identifying>false</identifying>
<optionalSource>true</optionalSource>
<optionalTarget>false</optionalTarget>
<sourceCardinality>1</sourceCardinality>
<sourceEntity>6FFCF1BA-312F-C1F1-AA0C-33AC2F5A0C95</sourceEntity>
<targetCardinalityString>*</targetCardinalityString>
<targetEntity>237F4621-9BA8-A0ED-1320-7285D3D35C04</targetEntity>
<transferable>true</transferable>
<deleteRule>NO ACTION</deleteRule>
</Relation>