<?xml version = '1.0' encoding = 'UTF-8'?>
<Relation class="oracle.dbtools.crest.model.design.logical.Relation" name="Relation_14" directorySegmentName="seg_0" id="6CEA8E47-A45F-4508-B110-C6406E5ACBB2">
<createdBy>caio_semantix</createdBy>
<createdTime>2018-09-11 23:50:06 UTC</createdTime>
<ownerDesignName>modeloDIM</ownerDesignName>
<engineerTo>
<item key="A72673BC-63E8-C983-8137-068CF531B801" value="true"/>
</engineerTo>
<sourcePk>35A19012-724E-D17B-AE66-EEEB9B8091A0</sourcePk>
<identifying>false</identifying>
<optionalSource>true</optionalSource>
<optionalTarget>false</optionalTarget>
<sourceCardinality>1</sourceCardinality>
<sourceEntity>41D76F4F-300E-BA57-4DF4-EAF3FF2C3585</sourceEntity>
<targetCardinalityString>*</targetCardinalityString>
<targetEntity>237F4621-9BA8-A0ED-1320-7285D3D35C04</targetEntity>
<transferable>true</transferable>
<deleteRule>NO ACTION</deleteRule>
</Relation>