<?xml version = '1.0' encoding = 'UTF-8'?>
<Relation class="oracle.dbtools.crest.model.design.logical.Relation" name="Relation_15" directorySegmentName="seg_0" id="A2E76F37-486A-F9AE-A29A-E792E6E03CF0">
<createdBy>caio_semantix</createdBy>
<createdTime>2018-09-11 23:50:10 UTC</createdTime>
<ownerDesignName>modeloDIM</ownerDesignName>
<engineerTo>
<item key="A72673BC-63E8-C983-8137-068CF531B801" value="true"/>
</engineerTo>
<sourcePk>DA6DC9A9-A44B-7BA7-CB45-7FCD1C6CFFCD</sourcePk>
<identifying>false</identifying>
<optionalSource>true</optionalSource>
<optionalTarget>false</optionalTarget>
<sourceCardinality>1</sourceCardinality>
<sourceEntity>056C2FCA-53BF-2B96-DD14-4316611A7419</sourceEntity>
<targetCardinalityString>*</targetCardinalityString>
<targetEntity>237F4621-9BA8-A0ED-1320-7285D3D35C04</targetEntity>
<transferable>true</transferable>
<deleteRule>NO ACTION</deleteRule>
</Relation>