<?xml version = '1.0' encoding = 'UTF-8'?>
<Diagram class="oracle.dbtools.crest.swingui.relational.DPVRelational" name="Relational_1" id="7BB1E7D0-790C-F01B-C606-B9A6C4DE01DD">
<createdBy>caio_semantix</createdBy>
<modifiedBy>caio_semantix</modifiedBy>
<createdTime>2018-09-12 00:41:55 UTC</createdTime>
<autoRoute>false</autoRoute>
<boxInbox>true</boxInbox>
<showLegend>false</showLegend>
<showLabels>false</showLabels>
<showRelAttributes>false</showRelAttributes>
<gridEnabled>false</gridEnabled>
<showGrid>false</showGrid>
<diagramColor>-1</diagramColor>
<display>false</display>
<notation>1</notation>
<objectViews>
<OView class="oracle.dbtools.crest.swingui.relational.TVTable" oid="025BE5D4-D5A4-B25A-2D72-8E3E1AF54000" otype="Table" vid="E23C39EA-F95C-C2CF-BEF5-012FCAC9F38E">
<hideElementsInCurrentOnly>false</hideElementsInCurrentOnly>
<bounds x="33" y="55" width="223" height="481"/>
</OView>
<OView class="oracle.dbtools.crest.swingui.relational.TVTable" oid="05557322-8CA3-61DF-C8AD-B1893BA30D6E" otype="Table" vid="8A97F6A5-411F-E8CE-05A1-4DAA65B454DF">
<hideElementsInCurrentOnly>false</hideElementsInCurrentOnly>
<bounds x="584" y="240" width="189" height="206"/>
</OView>
<OView class="oracle.dbtools.crest.swingui.relational.TVTable" oid="1DBD1AFE-B412-257F-BFA1-28EB9C5BE237" otype="Table" vid="F152F4FD-0BB5-B829-857C-DD638BBEE7FC">
<hideElementsInCurrentOnly>false</hideElementsInCurrentOnly>
<bounds x="528" y="87" width="170" height="81"/>
</OView>
<OView class="oracle.dbtools.crest.swingui.relational.TVTable" oid="24616C22-774C-F21D-5C3B-FD8049EF6BF8" otype="Table" vid="9BF334DA-16EB-CF92-BE9E-68CB695B5A75">
<hideElementsInCurrentOnly>false</hideElementsInCurrentOnly>
<bounds x="344" y="362" width="170" height="75"/>
</OView>
<OView class="oracle.dbtools.crest.swingui.relational.TVTable" oid="5B5FC1A3-732F-E739-BCB3-651AC748D99A" otype="Table" vid="80FB00C4-869B-8A72-3823-3687C5FE4539">
<hideElementsInCurrentOnly>false</hideElementsInCurrentOnly>
<bounds x="831" y="51" width="223" height="481"/>
</OView>
<OView class="oracle.dbtools.crest.swingui.relational.TVTable" oid="B7ACE445-9766-9EAC-CFD0-8EDBD50696A0" otype="Table" vid="19A654CB-E4B9-D8E4-3909-0AF79AE863D2">
<hideElementsInCurrentOnly>false</hideElementsInCurrentOnly>
<bounds x="313" y="13" width="185" height="202"/>
</OView>
<OView class="oracle.dbtools.crest.swingui.relational.TVTable" oid="BA017528-DEAB-77F9-B8DB-AEABFB57CA0B" otype="Table" vid="C3CB53BE-2FD1-B7FD-0AE4-77501FAD9CFF">
<hideElementsInCurrentOnly>false</hideElementsInCurrentOnly>
<bounds x="325" y="465" width="232" height="93"/>
</OView>
<OView class="oracle.dbtools.crest.swingui.relational.TVTable" oid="D4EBA52A-3C49-1FFF-AEBF-07994D1FAF85" otype="Table" vid="9DC0A6C8-B536-3FA1-970B-2BA52FD426E0">
<hideElementsInCurrentOnly>false</hideElementsInCurrentOnly>
<bounds x="304" y="239" width="246" height="80"/>
</OView>
</objectViews>
<connectors>
<Connector class="oracle.dbtools.crest.swingui.relational.TVFKRelation" oid="1320EFA8-CF2C-E72C-500C-C2A3F54906F7" otype="FKIndexAssociation" vid_source="9BF334DA-16EB-CF92-BE9E-68CB695B5A75" vid_target="80FB00C4-869B-8A72-3823-3687C5FE4539">
<hideElementsInCurrentOnly>false</hideElementsInCurrentOnly>
<backgroundColor>-16777216</backgroundColor>
<lineWidth>1</lineWidth>
<points>
<point x="514" y="399"/>
<point x="831" y="399"/>
</points>
</Connector>
<Connector class="oracle.dbtools.crest.swingui.relational.TVFKRelation" oid="17D48C13-24F0-712F-58C5-D59647550A9A" otype="FKIndexAssociation" vid_source="9DC0A6C8-B536-3FA1-970B-2BA52FD426E0" vid_target="80FB00C4-869B-8A72-3823-3687C5FE4539">
<hideElementsInCurrentOnly>false</hideElementsInCurrentOnly>
<backgroundColor>-16777216</backgroundColor>
<lineWidth>1</lineWidth>
<points>
<point x="550" y="294"/>
<point x="831" y="294"/>
</points>
</Connector>
<Connector class="oracle.dbtools.crest.swingui.relational.TVFKRelation" oid="5CA2B665-B2FC-6A95-5F13-8EAFCE0B3B4C" otype="FKIndexAssociation" vid_source="F152F4FD-0BB5-B829-857C-DD638BBEE7FC" vid_target="80FB00C4-869B-8A72-3823-3687C5FE4539">
<hideElementsInCurrentOnly>false</hideElementsInCurrentOnly>
<backgroundColor>-16777216</backgroundColor>
<lineWidth>1</lineWidth>
<points>
<point x="698" y="142"/>
<point x="831" y="142"/>
</points>
</Connector>
<Connector class="oracle.dbtools.crest.swingui.relational.TVFKRelation" oid="70FF7F4D-07E4-9ECA-057F-168CA8198E43" otype="FKIndexAssociation" vid_source="C3CB53BE-2FD1-B7FD-0AE4-77501FAD9CFF" vid_target="E23C39EA-F95C-C2CF-BEF5-012FCAC9F38E">
<hideElementsInCurrentOnly>false</hideElementsInCurrentOnly>
<backgroundColor>-16777216</backgroundColor>
<lineWidth>1</lineWidth>
<points>
<point x="325" y="500"/>
<point x="256" y="500"/>
</points>
</Connector>
<Connector class="oracle.dbtools.crest.swingui.relational.TVFKRelation" oid="8D617DA4-439D-0AFA-5BE4-236917A1929C" otype="FKIndexAssociation" vid_source="C3CB53BE-2FD1-B7FD-0AE4-77501FAD9CFF" vid_target="80FB00C4-869B-8A72-3823-3687C5FE4539">
<hideElementsInCurrentOnly>false</hideElementsInCurrentOnly>
<backgroundColor>-16777216</backgroundColor>
<lineWidth>1</lineWidth>
<points>
<point x="557" y="513"/>
<point x="831" y="513"/>
</points>
</Connector>
<Connector class="oracle.dbtools.crest.swingui.relational.TVFKRelation" oid="9C6DA87B-CE07-2C04-4E59-023F4E6C4C7F" otype="FKIndexAssociation" vid_source="9DC0A6C8-B536-3FA1-970B-2BA52FD426E0" vid_target="E23C39EA-F95C-C2CF-BEF5-012FCAC9F38E">
<hideElementsInCurrentOnly>false</hideElementsInCurrentOnly>
<backgroundColor>-16777216</backgroundColor>
<lineWidth>1</lineWidth>
<points>
<point x="304" y="294"/>
<point x="256" y="294"/>
</points>
</Connector>
<Connector class="oracle.dbtools.crest.swingui.relational.TVFKRelation" oid="A882F0E3-3CDD-B812-A45C-B626E4472E22" otype="FKIndexAssociation" vid_source="8A97F6A5-411F-E8CE-05A1-4DAA65B454DF" vid_target="E23C39EA-F95C-C2CF-BEF5-012FCAC9F38E">
<hideElementsInCurrentOnly>false</hideElementsInCurrentOnly>
<backgroundColor>-16777216</backgroundColor>
<lineWidth>1</lineWidth>
<points>
<point x="584" y="328"/>
<point x="256" y="328"/>
</points>
</Connector>
<Connector class="oracle.dbtools.crest.swingui.relational.TVFKRelation" oid="B057586C-BF2C-82FB-47B2-E58D173D8B91" otype="FKIndexAssociation" vid_source="19A654CB-E4B9-D8E4-3909-0AF79AE863D2" vid_target="E23C39EA-F95C-C2CF-BEF5-012FCAC9F38E">
<hideElementsInCurrentOnly>false</hideElementsInCurrentOnly>
<backgroundColor>-16777216</backgroundColor>
<lineWidth>1</lineWidth>
<points>
<point x="313" y="120"/>
<point x="256" y="120"/>
</points>
</Connector>
<Connector class="oracle.dbtools.crest.swingui.relational.TVFKRelation" oid="B85C81AA-46B6-5FF4-9CBE-CC815C534135" otype="FKIndexAssociation" vid_source="9BF334DA-16EB-CF92-BE9E-68CB695B5A75" vid_target="E23C39EA-F95C-C2CF-BEF5-012FCAC9F38E">
<hideElementsInCurrentOnly>false</hideElementsInCurrentOnly>
<backgroundColor>-16777216</backgroundColor>
<lineWidth>1</lineWidth>
<points>
<point x="344" y="414"/>
<point x="256" y="414"/>
</points>
</Connector>
<Connector class="oracle.dbtools.crest.swingui.relational.TVFKRelation" oid="D35DF9FB-27F1-1461-BA5A-9A8A54EB5BFC" otype="FKIndexAssociation" vid_source="19A654CB-E4B9-D8E4-3909-0AF79AE863D2" vid_target="80FB00C4-869B-8A72-3823-3687C5FE4539">
<hideElementsInCurrentOnly>false</hideElementsInCurrentOnly>
<backgroundColor>-16777216</backgroundColor>
<lineWidth>1</lineWidth>
<points>
<point x="498" y="118"/>
<point x="831" y="118"/>
</points>
</Connector>
<Connector class="oracle.dbtools.crest.swingui.relational.TVFKRelation" oid="FF563FAE-120B-A578-B375-38DB19C3E4C0" otype="FKIndexAssociation" vid_source="8A97F6A5-411F-E8CE-05A1-4DAA65B454DF" vid_target="80FB00C4-869B-8A72-3823-3687C5FE4539">
<hideElementsInCurrentOnly>false</hideElementsInCurrentOnly>
<backgroundColor>-16777216</backgroundColor>
<lineWidth>1</lineWidth>
<points>
<point x="773" y="328"/>
<point x="831" y="328"/>
</points>
</Connector>
</connectors>
</Diagram>